customer_id,segment,contract_type,tenure_start_months,base_monthly_price,ltv_multiplier
C000000,C_individual,month-to-month,44,498.5,1.1288050225475832
C000001,B_smb,month-to-month,24,1686.84,0.7831323766636972
C000002,C_individual,one-year,29,604.66,1.0476694010946492
C000003,C_individual,month-to-month,16,502.6,0.8780124711993385
C000004,A_enterprise,month-to-month,42,5618.02,1.1363951442206068
C000005,C_individual,month-to-month,3,322.62,1.2790757478336257
C000006,C_individual,one-year,13,497.85,0.6082122781573741
C000007,C_individual,two-year,47,342.59,0.901607777116032
C000008,A_enterprise,one-year,23,3855.5,1.0395656118398773
C000009,B_smb,two-year,8,1351.57,0.999423362052053
C000010,B_smb,one-year,19,1631.24,1.1409476377251504
C000011,C_individual,one-year,12,285.72,1.011859662817604
C000012,C_individual,month-to-month,25,564.66,0.9205388495252258
C000013,C_individual,one-year,11,448.31,0.8469503129185644
C000014,B_smb,month-to-month,19,1446.3,0.8217198740348782
C000015,B_smb,month-to-month,43,1649.64,0.8885875299763745
C000016,C_individual,month-to-month,3,456.14,0.9152353020915618
C000017,A_enterprise,two-year,36,5675.44,1.0575628576811673
C000018,C_individual,one-year,3,475.22,0.9764909613661393
C000019,C_individual,two-year,21,235.35,0.9023658993848598
C000020,C_individual,two-year,32,788.71,0.8486025545685616
C000021,B_smb,two-year,45,1392.72,0.8946057443605554
C000022,C_individual,month-to-month,12,289.15,0.9153950779212672
C000023,C_individual,two-year,2,487.7,0.8877811447643815
C000024,C_individual,two-year,36,501.5,1.100966917566079
C000025,B_smb,two-year,42,1504.12,1.2052066575762765
C000026,B_smb,month-to-month,27,1383.67,0.8235906054732096
C000027,A_enterprise,month-to-month,2,2809.8,1.1678880878143003
C000028,B_smb,two-year,24,1599.44,1.1039855107193306
C000029,C_individual,month-to-month,18,505.36,1.0269802936175514
C000030,C_individual,month-to-month,21,252.91,1.2289996366187756
C000031,C_individual,month-to-month,2,595.83,0.9744597658977477
C000032,B_smb,month-to-month,15,1646.19,1.060284561104691
C000033,B_smb,month-to-month,47,1092.95,1.0185585717935737
C000034,B_smb,two-year,2,1462.78,1.0074027560840888
C000035,B_smb,two-year,43,1383.37,1.0688497971698427
C000036,A_enterprise,two-year,24,2857.02,1.0069632716291237
C000037,B_smb,month-to-month,28,1311.99,1.069917630267899
C000038,B_smb,month-to-month,44,928.5,0.8995269850860733
C000039,C_individual,month-to-month,10,542.22,0.9042130222785946
C000040,B_smb,month-to-month,47,990.58,0.8988461700351013
C000041,C_individual,month-to-month,13,422.23,0.9452803673260242
C000042,C_individual,one-year,16,454.27,1.1519926830651364
C000043,B_smb,two-year,21,1228.46,0.9306692778664245
C000044,C_individual,one-year,28,339.1,1.0978691305828654
C000045,C_individual,month-to-month,15,534.46,1.0398169394447825
C000046,B_smb,month-to-month,38,1175.7,0.9337867550199704
C000047,B_smb,month-to-month,1,851.23,1.1963773804331543
C000048,C_individual,month-to-month,31,448.05,1.1104166767727959
C000049,A_enterprise,one-year,31,5131.93,1.0002673133962767
C000050,B_smb,month-to-month,25,897.92,0.9878292115978274
C000051,A_enterprise,one-year,29,3222.33,1.0140589840981122
C000052,C_individual,two-year,35,501.22,0.7705693534018425
C000053,C_individual,month-to-month,43,390.75,0.8762558229527521
C000054,C_individual,month-to-month,10,625.05,1.0693773255533074
C000055,C_individual,month-to-month,22,458.12,0.7625612039795185
C000056,B_smb,month-to-month,26,1522.27,0.8878563181581047
C000057,C_individual,one-year,16,379.74,0.9411183537821743
C000058,A_enterprise,two-year,46,4246.91,1.435548196219065
C000059,A_enterprise,two-year,24,5035.53,1.1010605873847468
C000060,C_individual,one-year,28,542.82,1.1646012738373483
C000061,B_smb,month-to-month,9,878.97,0.8792279168594886
C000062,C_individual,month-to-month,19,484.81,1.0543083891311442
C000063,C_individual,month-to-month,30,439.48,0.7359738237242381
C000064,C_individual,month-to-month,20,553.25,0.9504077971103272
C000065,C_individual,two-year,36,512.38,1.0758048891881595
C000066,C_individual,month-to-month,6,534.0,0.7873633183109078
C000067,B_smb,month-to-month,7,1393.26,1.0589705409823063
C000068,A_enterprise,month-to-month,16,4367.0,1.0714107151083634
C000069,B_smb,month-to-month,15,800.92,0.9096245149021246
C000070,B_smb,two-year,39,1304.4,0.8747792832238274
C000071,B_smb,month-to-month,41,1483.57,0.8927137317852846
C000072,C_individual,month-to-month,22,639.8,0.9479576570964272
C000073,B_smb,month-to-month,24,1140.78,0.9524838971245408
C000074,A_enterprise,two-year,14,2800.05,1.07644131253927
C000075,B_smb,one-year,25,1301.87,0.9198396204523045
C000076,B_smb,one-year,33,1633.7,1.2403189216694466
C000077,C_individual,month-to-month,34,226.57,1.2392311411312322
C000078,C_individual,month-to-month,46,630.57,1.03543019301761
C000079,C_individual,two-year,27,355.48,0.9483048842432155
C000080,C_individual,month-to-month,16,680.81,0.9200078052028293
C000081,B_smb,month-to-month,3,1527.39,1.0475137920821873
C000082,C_individual,one-year,33,536.71,1.0737572236253579
C000083,B_smb,month-to-month,38,1391.56,0.9698493448912607
C000084,A_enterprise,month-to-month,26,4355.55,0.9410305733954883
C000085,A_enterprise,two-year,44,3996.63,1.05291149516502
C000086,C_individual,month-to-month,15,366.62,1.0103562244449107
C000087,B_smb,month-to-month,2,759.25,0.9141816279207386
C000088,B_smb,month-to-month,30,1445.39,1.0169559283941592
C000089,C_individual,one-year,5,383.42,0.9092096122551488
C000090,B_smb,month-to-month,4,633.38,0.887251201109113
C000091,C_individual,month-to-month,33,424.74,0.999253418234127
C000092,B_smb,one-year,20,1581.26,0.9137995968241812
C000093,B_smb,one-year,29,1564.17,0.8900502065924961
C000094,B_smb,two-year,35,1041.24,1.1568571032403498
C000095,C_individual,month-to-month,18,618.78,0.9411692093558202
C000096,B_smb,month-to-month,29,1402.79,1.276504249801238
C000097,A_enterprise,one-year,25,5953.75,1.0939958443293492
C000098,A_enterprise,one-year,27,4134.23,0.8768944915238809
C000099,C_individual,month-to-month,33,474.11,1.1739639415743923
C000100,C_individual,one-year,18,603.5,0.8925070750044907
C000101,C_individual,month-to-month,24,640.12,1.2960021263880983
C000102,B_smb,two-year,28,1485.23,1.0339289604270088
C000103,C_individual,two-year,6,366.66,1.0813851104955503
C000104,C_individual,month-to-month,10,356.06,1.0046429210171863
C000105,C_individual,two-year,4,381.01,1.0398823876898442
C000106,B_smb,two-year,9,1602.81,0.9656335485256575
C000107,B_smb,month-to-month,21,1830.46,0.8611287460462653
C000108,A_enterprise,month-to-month,45,3381.58,1.05095126255811
C000109,C_individual,one-year,44,324.75,1.1537199048778857
C000110,B_smb,month-to-month,36,696.75,0.8214036489065384
C000111,B_smb,month-to-month,26,1209.25,1.2310710735513786
C000112,B_smb,month-to-month,9,1224.62,1.090170578678001
C000113,C_individual,two-year,17,419.8,0.9344637730246258
C000114,B_smb,month-to-month,36,1906.48,0.9317833545821972
C000115,C_individual,one-year,43,441.18,1.2796243656472208
C000116,C_individual,month-to-month,46,635.91,1.1408087052525477
C000117,C_individual,month-to-month,18,347.64,1.1710076778882321
C000118,B_smb,two-year,23,1169.93,0.9623407419439024
C000119,C_individual,month-to-month,24,100.0,1.0833273822422178
C000120,C_individual,month-to-month,2,353.72,1.0524067918886062
C000121,C_individual,month-to-month,5,220.75,0.9738024630700884
C000122,A_enterprise,one-year,2,3017.46,1.016388566765646
C000123,B_smb,month-to-month,35,1550.61,1.1665076762232487
C000124,A_enterprise,month-to-month,10,4768.8,1.2399387314973125
C000125,B_smb,month-to-month,33,1160.83,0.9622754927777719
C000126,B_smb,month-to-month,18,1371.54,0.8030415618372764
C000127,A_enterprise,month-to-month,38,4947.26,1.2465389397102569
C000128,A_enterprise,one-year,5,3774.98,1.2484236884369533
C000129,C_individual,month-to-month,15,184.94,1.0600581222323093
C000130,B_smb,month-to-month,9,1333.86,1.268894644371227
C000131,C_individual,one-year,20,541.94,1.04914229877357
C000132,C_individual,one-year,26,701.87,0.8636411653434601
C000133,B_smb,month-to-month,8,1200.16,0.8031805092874141
C000134,C_individual,month-to-month,32,377.18,0.8017467619968114
C000135,A_enterprise,month-to-month,46,3883.4,1.00068352374184
C000136,C_individual,two-year,2,498.69,0.9300631522983491
C000137,B_smb,month-to-month,4,1408.9,0.9131716570317333
C000138,C_individual,month-to-month,45,435.73,0.983964006188389
C000139,A_enterprise,month-to-month,31,4612.85,1.1286957019793882
C000140,B_smb,month-to-month,44,1341.66,0.9179487585088577
C000141,B_smb,month-to-month,33,1274.76,0.8926909816414195
C000142,C_individual,month-to-month,34,257.4,0.9278484012395976
C000143,C_individual,one-year,7,277.9,1.1381388219172206
C000144,B_smb,one-year,24,1377.25,0.9894973167798828
C000145,B_smb,one-year,17,1594.88,1.0419861586523973
C000146,B_smb,one-year,40,1441.42,1.2329535312746602
C000147,C_individual,month-to-month,2,526.41,1.4264909868171838
C000148,B_smb,two-year,0,1286.81,1.0960581123433677
C000149,A_enterprise,one-year,26,5477.96,1.081203499098053
C000150,C_individual,two-year,46,412.32,0.8223209436072543
C000151,C_individual,one-year,47,364.72,1.0552773316848671
C000152,A_enterprise,month-to-month,28,4578.84,1.0092992937791945
C000153,C_individual,month-to-month,20,586.07,1.1338372380167756
C000154,A_enterprise,month-to-month,13,4152.86,0.9412229708495463
C000155,C_individual,month-to-month,47,697.89,1.030107559577211
C000156,B_smb,month-to-month,8,920.44,1.090784848964733
C000157,C_individual,month-to-month,6,573.59,1.2847813862235005
C000158,C_individual,month-to-month,24,624.54,1.234565768891751
C000159,C_individual,two-year,18,286.61,1.189910853496912
C000160,A_enterprise,one-year,23,3339.72,1.109067890550755
C000161,C_individual,one-year,43,122.99,0.9353010199905152
C000162,B_smb,month-to-month,12,1594.84,1.108980805317414
C000163,A_enterprise,one-year,42,4844.86,0.88415981069432
C000164,C_individual,two-year,10,518.1,0.9690671697412536
C000165,B_smb,one-year,15,1307.48,1.2667553245154997
C000166,C_individual,one-year,0,584.42,1.080697258676149
C000167,C_individual,month-to-month,32,556.83,1.034051960722774
C000168,B_smb,month-to-month,41,1840.59,1.0533566293756202
C000169,C_individual,one-year,42,404.34,0.9859258194394909
C000170,B_smb,two-year,8,1354.67,0.6766272400401644
C000171,C_individual,month-to-month,36,316.08,0.8103419277104741
C000172,B_smb,month-to-month,6,1563.15,1.092585752449568
C000173,C_individual,month-to-month,30,415.12,0.8619182274262391
C000174,B_smb,month-to-month,33,1497.93,0.9838621389071035
C000175,A_enterprise,two-year,7,4750.97,0.8158835317069162
C000176,B_smb,one-year,5,1201.7,0.8922028587926331
C000177,C_individual,month-to-month,3,100.0,0.9993607701731836
C000178,C_individual,month-to-month,34,413.05,1.1385790954872943
C000179,C_individual,month-to-month,29,493.26,1.1686491054465524
C000180,C_individual,month-to-month,5,128.09,0.8898044149266855
C000181,C_individual,one-year,24,478.41,1.0460054857883638
C000182,C_individual,two-year,38,435.3,0.7861856931741334
C000183,B_smb,one-year,11,1614.79,1.0084615898975837
C000184,C_individual,month-to-month,29,398.26,1.1429976881106885
C000185,C_individual,one-year,14,576.1,0.9899428910352669
C000186,B_smb,one-year,12,1385.29,1.1973530861445731
C000187,A_enterprise,month-to-month,18,3706.47,1.1255378953791266
C000188,C_individual,one-year,16,491.59,1.0361986822541978
C000189,B_smb,one-year,23,1162.09,0.9625442829026539
C000190,C_individual,two-year,9,570.99,0.9198505315211655
C000191,B_smb,month-to-month,18,1186.14,0.7813049699866111
C000192,A_enterprise,month-to-month,29,4084.14,0.8057264035291287
C000193,C_individual,month-to-month,18,733.59,1.1492401983414902
C000194,B_smb,month-to-month,31,1645.88,1.2270536209376846
C000195,B_smb,month-to-month,5,1591.09,0.8378445017437973
C000196,C_individual,one-year,6,403.3,1.0102280387139022
C000197,C_individual,month-to-month,41,746.0,0.7638289874243184
C000198,B_smb,month-to-month,22,1522.67,0.8534824650436148
C000199,B_smb,two-year,29,1621.37,1.0389744003811061
C000200,C_individual,one-year,35,597.72,0.9221954447064357
C000201,C_individual,month-to-month,7,528.28,0.7125709711933003
C000202,C_individual,one-year,46,545.58,1.2578297151109463
C000203,A_enterprise,month-to-month,20,2918.12,0.9926280042837214
C000204,A_enterprise,month-to-month,42,6034.8,0.834339167781524
C000205,B_smb,one-year,20,1576.63,1.0192051311456969
C000206,A_enterprise,month-to-month,19,4252.49,0.9878699211343286
C000207,C_individual,month-to-month,28,401.67,1.0632738372988046
C000208,A_enterprise,month-to-month,9,3986.39,0.9490217801041064
C000209,C_individual,two-year,29,627.9,1.0471387727639883
C000210,C_individual,month-to-month,47,404.28,1.1415453960140167
C000211,C_individual,one-year,30,654.74,0.8022723790582309
C000212,B_smb,month-to-month,3,1596.88,0.8960118919522587
C000213,C_individual,one-year,33,430.9,1.1258892942815366
C000214,C_individual,month-to-month,1,231.89,0.9172922307601683
C000215,C_individual,month-to-month,4,704.38,0.9877491257688128
C000216,A_enterprise,one-year,13,4385.0,0.9294411250927473
C000217,A_enterprise,one-year,14,4006.96,0.9387962462237579
C000218,C_individual,month-to-month,0,568.53,0.9260597453631428
C000219,B_smb,month-to-month,0,1478.27,0.8111967945474512
C000220,B_smb,month-to-month,37,1545.84,1.0688795429743683
C000221,B_smb,month-to-month,21,1548.31,1.1593454785516732
C000222,C_individual,one-year,9,144.15,0.9735264029853743
C000223,C_individual,month-to-month,20,364.31,1.1424194394940215
C000224,B_smb,one-year,33,1147.82,0.9263375837180245
C000225,C_individual,month-to-month,35,552.26,0.9174826249950759
C000226,A_enterprise,month-to-month,13,4811.92,1.0616045354424861
C000227,C_individual,month-to-month,8,420.63,1.0641061972336578
C000228,C_individual,month-to-month,46,505.19,0.9830861906028707
C000229,A_enterprise,month-to-month,30,3717.1,1.1014882165592739
C000230,A_enterprise,two-year,47,4733.15,0.8069534693427419
C000231,B_smb,month-to-month,14,1720.26,0.9544041910735026
C000232,C_individual,two-year,5,301.52,1.1447226739143241
C000233,C_individual,month-to-month,18,685.1,1.1443189376179252
C000234,C_individual,month-to-month,15,364.44,1.1254038534109079
C000235,C_individual,month-to-month,34,482.23,1.1531108737210602
C000236,B_smb,month-to-month,34,1668.22,0.9441189171145941
C000237,C_individual,one-year,3,460.24,0.7442202875098515
C000238,A_enterprise,two-year,28,3812.15,0.96118204126601
C000239,A_enterprise,one-year,16,4783.7,1.0953993596440723
C000240,C_individual,one-year,29,660.88,1.1199155108748717
C000241,C_individual,month-to-month,18,723.71,0.9210592762343862
C000242,B_smb,month-to-month,25,1643.61,0.8547976344861891
C000243,C_individual,one-year,34,396.06,0.8697235957724527
C000244,C_individual,month-to-month,14,352.95,0.918449690174259
C000245,C_individual,month-to-month,9,772.34,0.7154290717174304
C000246,C_individual,two-year,33,465.46,0.920928128918771
C000247,B_smb,two-year,45,1233.74,1.0071815080884432
C000248,B_smb,one-year,21,1399.46,0.9853173518248666
C000249,B_smb,month-to-month,47,869.39,0.950459410793484
C000250,C_individual,two-year,8,420.28,0.8966109972157198
C000251,C_individual,month-to-month,39,317.15,0.9140789249821017
C000252,B_smb,month-to-month,47,1322.81,0.9167312996357196
C000253,B_smb,month-to-month,14,1440.03,1.1058220247281014
C000254,B_smb,two-year,7,1333.94,0.9998606597035753
C000255,C_individual,two-year,31,634.22,1.4750261015014856
C000256,C_individual,one-year,41,511.6,0.9501494720879753
C000257,A_enterprise,month-to-month,3,4450.31,1.0656809723383334
C000258,A_enterprise,month-to-month,30,3360.88,0.9534949323848297
C000259,C_individual,month-to-month,41,558.23,0.9498497395187881
C000260,A_enterprise,two-year,1,4212.23,1.234355735180197
C000261,C_individual,month-to-month,24,410.97,1.1496322562672483
C000262,B_smb,month-to-month,3,1270.63,0.7367965283612471
C000263,A_enterprise,one-year,8,5090.73,0.846621101733874
C000264,C_individual,month-to-month,23,481.86,0.9795637589815254
C000265,B_smb,two-year,15,1743.17,0.9224330864721523
C000266,B_smb,month-to-month,4,1267.7,0.7737509326806613
C000267,B_smb,two-year,38,1590.51,1.0173707476468468
C000268,A_enterprise,month-to-month,9,3089.43,0.7182812293310491
C000269,A_enterprise,month-to-month,41,3614.49,1.0190129142076
C000270,A_enterprise,month-to-month,8,4962.07,1.1094964995028704
C000271,B_smb,month-to-month,24,1725.35,1.1309103828941558
C000272,A_enterprise,one-year,34,3567.01,0.9783528895816719
C000273,C_individual,month-to-month,23,435.62,1.2266223628995636
C000274,C_individual,month-to-month,20,331.7,1.0497439069665575
C000275,B_smb,one-year,36,1887.25,1.1268737942490152
C000276,B_smb,month-to-month,0,1063.38,0.8895604404803777
C000277,C_individual,one-year,39,203.92,1.2282452195254425
C000278,C_individual,one-year,33,720.29,0.9995563482233055
C000279,C_individual,month-to-month,36,422.23,1.236515661525659
C000280,A_enterprise,one-year,20,5262.23,1.2037229930929048
C000281,B_smb,month-to-month,18,866.05,1.0386457012757377
C000282,B_smb,month-to-month,27,1070.78,1.0608530396651938
C000283,B_smb,month-to-month,30,878.51,0.9730095605606233
C000284,C_individual,two-year,44,471.12,0.877122569834189
C000285,B_smb,one-year,41,1074.64,1.0892797282083237
C000286,A_enterprise,one-year,2,5445.59,1.081606318034155
C000287,B_smb,two-year,7,1387.44,0.7571991164995461
C000288,C_individual,month-to-month,45,549.41,0.9875831352160643
C000289,A_enterprise,two-year,18,4600.55,1.1302021542112917
C000290,C_individual,one-year,27,446.94,1.2198605641551177
C000291,A_enterprise,two-year,2,5626.21,1.1087974759276689
C000292,C_individual,two-year,5,613.1,0.772409990444545
C000293,A_enterprise,two-year,19,3547.26,0.8418333283974111
C000294,C_individual,month-to-month,34,469.49,0.9481004357649893
C000295,C_individual,one-year,37,512.32,1.2098217901525243
C000296,C_individual,two-year,42,679.8,0.9089385529717648
C000297,C_individual,one-year,9,399.98,1.1587899878089687
C000298,C_individual,month-to-month,9,227.53,0.906530110359148
C000299,C_individual,two-year,26,318.42,1.0798926736452759
C000300,C_individual,month-to-month,26,327.35,0.8589957272270503
C000301,A_enterprise,month-to-month,1,2916.37,0.9709279911953766
C000302,C_individual,one-year,21,348.37,0.8302582718011752
C000303,C_individual,month-to-month,43,447.17,1.2164649286422184
C000304,C_individual,one-year,7,479.69,0.8957721509616787
C000305,B_smb,month-to-month,39,1862.34,0.7679280300358917
C000306,B_smb,one-year,21,1243.39,0.7560524543250283
C000307,C_individual,two-year,25,569.27,0.9871850787501264
C000308,B_smb,month-to-month,30,1589.27,0.9312897777833472
C000309,A_enterprise,one-year,33,3756.41,1.0973085560747886
C000310,B_smb,month-to-month,30,1974.0,0.9647325360531191
C000311,B_smb,two-year,4,1499.92,1.174894931645285
C000312,B_smb,two-year,14,876.25,0.94218757177811
C000313,B_smb,month-to-month,40,1189.88,1.1539722936557197
C000314,B_smb,one-year,1,2055.82,0.8571164486580387
C000315,B_smb,one-year,34,975.74,0.7745000130713487
C000316,B_smb,one-year,24,1549.04,0.8764992410121788
C000317,C_individual,one-year,5,462.39,0.8306885853591457
C000318,B_smb,month-to-month,5,994.63,0.8139053367503822
C000319,C_individual,one-year,47,347.65,1.0620478268014826
C000320,C_individual,month-to-month,1,192.64,0.9603525096897512
C000321,B_smb,month-to-month,1,1287.07,1.0212663138916644
C000322,B_smb,two-year,0,1155.69,1.0791324101075053
C000323,C_individual,month-to-month,30,580.27,0.7471454926206587
C000324,C_individual,one-year,44,545.52,1.085489570114314
C000325,C_individual,month-to-month,8,416.45,0.8192192745176368
C000326,C_individual,two-year,38,368.38,0.9134769987313923
C000327,C_individual,one-year,34,428.42,0.7161811616743603
C000328,C_individual,month-to-month,11,333.0,1.0981870150087083
C000329,B_smb,month-to-month,3,1339.8,0.7466405549071675
C000330,C_individual,month-to-month,23,264.58,0.8199836751072043
C000331,B_smb,two-year,3,1411.44,0.8308628196004265
C000332,C_individual,one-year,5,672.87,0.9806859995155204
C000333,C_individual,month-to-month,22,540.47,0.9761096145413977
C000334,A_enterprise,one-year,39,4601.41,1.1217847077220133
C000335,C_individual,month-to-month,47,282.84,0.9843145764284092
C000336,A_enterprise,month-to-month,30,3915.88,1.1448655601954525
C000337,C_individual,month-to-month,13,523.42,1.056898659980536
C000338,A_enterprise,month-to-month,15,3574.19,0.8581781039669176
C000339,C_individual,one-year,29,532.66,0.8999208292453459
C000340,A_enterprise,two-year,8,2983.1,1.2265875077558595
C000341,C_individual,two-year,24,683.15,1.184114602812753
C000342,C_individual,two-year,36,401.4,1.1236117931822485
C000343,C_individual,month-to-month,40,786.64,1.1433233811621555
C000344,C_individual,month-to-month,2,207.61,1.0697688265572016
C000345,C_individual,one-year,13,356.6,1.050266001160613
C000346,C_individual,two-year,12,474.0,1.0074572301101496
C000347,B_smb,one-year,26,1459.74,1.2548273849678284
C000348,C_individual,month-to-month,8,428.2,0.9303012325404373
C000349,A_enterprise,one-year,45,3645.25,1.0360450038040905
C000350,C_individual,one-year,44,714.31,0.7437594358962041
C000351,B_smb,two-year,15,1346.69,0.7853924290300272
C000352,C_individual,one-year,19,327.68,1.2722743352951353
C000353,C_individual,month-to-month,21,652.9,1.0925170396177137
C000354,B_smb,month-to-month,2,2099.69,0.9680952234262518
C000355,C_individual,month-to-month,42,581.37,1.011748688072805
C000356,C_individual,month-to-month,37,473.5,0.7962816804964177
C000357,C_individual,two-year,15,284.88,0.9357820005018679
C000358,B_smb,one-year,26,1151.67,0.7812794831640894
C000359,C_individual,month-to-month,18,268.36,0.9557041831336824
C000360,C_individual,month-to-month,10,479.08,1.1020480781550765
C000361,A_enterprise,one-year,14,4942.82,1.0679951549631859
C000362,A_enterprise,one-year,5,4969.09,1.2383679130315621
C000363,A_enterprise,month-to-month,38,4799.93,1.0442100078937435
C000364,C_individual,two-year,31,539.77,0.6282276357591767
C000365,B_smb,month-to-month,44,1517.87,1.2926000527260022
C000366,C_individual,month-to-month,0,566.0,0.8738959955125868
C000367,C_individual,month-to-month,30,530.95,1.0243154904914202
C000368,B_smb,one-year,26,1349.33,1.0152742319877683
C000369,C_individual,one-year,29,513.64,1.0361348074236358
C000370,C_individual,two-year,47,580.77,1.007208821041968
C000371,B_smb,month-to-month,18,837.91,1.009851447965588
C000372,B_smb,two-year,6,1566.66,0.8017544227965934
C000373,B_smb,one-year,0,1211.19,1.3880474127781537
C000374,B_smb,month-to-month,23,1076.79,1.0977154459552572
C000375,A_enterprise,month-to-month,8,5451.85,1.0077821093942547
C000376,C_individual,month-to-month,6,329.08,1.2762800364700702
C000377,B_smb,two-year,7,1020.93,0.8392113095666217
C000378,B_smb,month-to-month,13,1980.48,1.1302584454966287
C000379,C_individual,month-to-month,5,707.97,0.9167251100956731
C000380,C_individual,one-year,23,529.89,1.0603499278485247
C000381,C_individual,two-year,31,304.91,1.0636678899679084
C000382,C_individual,one-year,13,694.77,0.6495277336864248
C000383,B_smb,one-year,6,1207.67,0.7852503564858034
C000384,B_smb,month-to-month,27,1645.78,1.2379658810119458
C000385,C_individual,two-year,4,326.37,0.9621752039453574
C000386,C_individual,month-to-month,35,391.01,1.300237026910411
C000387,C_individual,month-to-month,18,550.57,1.196518816400363
C000388,A_enterprise,two-year,19,3331.22,0.9669587811820177
C000389,C_individual,month-to-month,11,435.71,0.9537228500111976
C000390,C_individual,month-to-month,13,543.73,1.2472624624076774
C000391,A_enterprise,one-year,7,2632.49,1.3154529901361762
C000392,C_individual,month-to-month,26,539.61,0.9570097667939023
C000393,C_individual,month-to-month,7,554.03,1.230724743673632
C000394,A_enterprise,one-year,32,3706.34,1.1545027846278775
C000395,B_smb,one-year,12,1612.23,1.1803820947229748
C000396,C_individual,one-year,27,346.52,1.015171889141885
C000397,B_smb,month-to-month,25,1541.26,0.8991373102643552
C000398,B_smb,one-year,30,788.16,0.8418438115523036
C000399,B_smb,two-year,36,1230.53,0.8043600415970261
C000400,B_smb,month-to-month,26,1520.3,1.2866333320827164
C000401,C_individual,month-to-month,40,566.65,1.0016417160650433
C000402,C_individual,month-to-month,12,462.31,0.8282836585008834
C000403,A_enterprise,one-year,36,2941.27,1.1503641139085492
C000404,C_individual,month-to-month,16,401.76,0.9281691697302347
C000405,C_individual,one-year,30,539.17,0.9023536741452103
C000406,B_smb,two-year,23,1658.3,1.3102015054883294
C000407,C_individual,month-to-month,43,401.1,0.8003945693369863
C000408,A_enterprise,one-year,13,4354.72,1.03525710744545
C000409,C_individual,month-to-month,24,542.64,0.9113619886714589
C000410,C_individual,month-to-month,7,500.14,0.8874243557508369
C000411,C_individual,one-year,30,651.25,0.7804217762821097
C000412,A_enterprise,month-to-month,1,3516.24,1.008937529913705
C000413,C_individual,two-year,19,399.41,0.8689148504020752
C000414,A_enterprise,one-year,0,4356.04,1.0887066863685015
C000415,B_smb,month-to-month,15,1332.32,0.9929489645989688
C000416,A_enterprise,month-to-month,23,4732.62,0.9531061987585083
C000417,C_individual,month-to-month,15,366.51,0.8697183263969409
C000418,B_smb,two-year,18,1376.34,1.2146058942766134
C000419,C_individual,one-year,7,667.14,1.1103520605561874
C000420,C_individual,month-to-month,34,410.56,0.897798616925113
C000421,A_enterprise,one-year,38,3470.85,0.7961192432441976
C000422,A_enterprise,one-year,21,4277.24,0.7168016221859771
C000423,A_enterprise,one-year,2,3473.97,1.170603009071453
C000424,C_individual,month-to-month,2,500.49,1.1363759402546414
C000425,C_individual,month-to-month,32,462.6,1.1569855444302115
C000426,B_smb,month-to-month,44,1155.25,0.9819567627391095
C000427,C_individual,month-to-month,41,400.41,1.1209018039073988
C000428,A_enterprise,month-to-month,19,3983.52,1.154079109484625
C000429,C_individual,month-to-month,23,396.29,0.9895306916090268
C000430,C_individual,month-to-month,7,501.96,0.9462777826609582
C000431,C_individual,month-to-month,3,451.6,0.8535574480942758
C000432,C_individual,month-to-month,36,323.17,1.063922332379427
C000433,C_individual,two-year,20,644.54,1.0838820750569729
C000434,A_enterprise,one-year,23,4315.02,0.9390197885261629
C000435,B_smb,month-to-month,16,1492.07,0.9566887548156244
C000436,A_enterprise,one-year,15,4394.38,0.9674057501720336
C000437,C_individual,month-to-month,47,234.85,1.1186861598797946
C000438,C_individual,two-year,39,390.82,0.7938511483669713
C000439,C_individual,one-year,33,266.72,0.8342119776531733
C000440,C_individual,month-to-month,18,464.96,0.8371382078307306
C000441,B_smb,two-year,34,1665.7,0.9777202128003082
C000442,C_individual,two-year,16,466.96,1.0472915801748357
C000443,B_smb,two-year,24,1325.3,0.8396686383549308
C000444,B_smb,month-to-month,6,1613.38,1.1363508810608838
C000445,C_individual,month-to-month,34,354.09,1.2193974178254101
C000446,C_individual,one-year,2,499.72,1.0620696429545922
C000447,C_individual,month-to-month,34,481.67,1.1684185157928537
C000448,A_enterprise,one-year,28,3835.68,0.8627241918621703
C000449,C_individual,one-year,3,593.58,0.8662960429465671
C000450,A_enterprise,month-to-month,24,4271.81,1.0771935966396609
C000451,C_individual,month-to-month,10,501.07,0.9942395926544625
C000452,C_individual,month-to-month,22,268.91,0.8660169764814794
C000453,B_smb,month-to-month,0,1747.55,1.2137571395013669
C000454,A_enterprise,one-year,34,3240.79,1.0448185353354664
C000455,B_smb,one-year,24,798.06,1.1053262459030118
C000456,C_individual,month-to-month,17,611.67,0.8988622804811819
C000457,B_smb,one-year,42,1578.24,1.2519862684363046
C000458,C_individual,one-year,30,702.55,0.9766106476837733
C000459,C_individual,one-year,29,543.97,1.1528585151985216
C000460,C_individual,month-to-month,7,483.13,0.9125758289305359
C000461,A_enterprise,one-year,24,4643.6,1.0252971784141736
C000462,C_individual,one-year,33,633.71,1.083675404532758
C000463,B_smb,month-to-month,44,1639.1,1.299311067035082
C000464,C_individual,one-year,29,440.9,0.9340409350209148
C000465,C_individual,two-year,8,370.81,1.030384396649756
C000466,C_individual,month-to-month,32,315.35,1.0887782890926385
C000467,C_individual,one-year,3,157.11,0.787773992718779
C000468,A_enterprise,two-year,15,4886.42,0.6738490234267471
C000469,C_individual,two-year,44,403.48,0.850624401184315
C000470,B_smb,month-to-month,38,1587.44,1.145076983710917
C000471,B_smb,one-year,43,1533.92,1.2574610361580156
C000472,A_enterprise,two-year,16,5202.38,0.8615521772219266
C000473,A_enterprise,one-year,32,4468.37,0.8174913243578695
C000474,B_smb,month-to-month,33,1451.32,1.2302118962909652
C000475,B_smb,month-to-month,11,987.39,0.9151859921728501
C000476,B_smb,one-year,45,1104.03,0.9442313884006456
C000477,C_individual,month-to-month,46,536.73,1.2188700989074182
C000478,C_individual,month-to-month,5,588.18,1.1942051154745357
C000479,B_smb,month-to-month,36,911.35,1.1401098270041103
C000480,B_smb,one-year,21,1082.74,0.7432793317945446
C000481,B_smb,month-to-month,32,1290.38,0.8112317144411588
C000482,C_individual,two-year,26,275.95,1.1680762132028832
C000483,B_smb,one-year,10,1156.07,1.0476835284188573
C000484,A_enterprise,two-year,4,5318.38,0.8833397914798682
C000485,B_smb,two-year,24,1473.62,0.94831616637565
C000486,B_smb,month-to-month,40,1325.09,1.1666478148148205
C000487,B_smb,one-year,39,1480.41,1.2291415320684476
C000488,C_individual,month-to-month,13,414.57,0.9991040068959016
C000489,C_individual,two-year,41,617.53,0.8969622990544919
C000490,C_individual,month-to-month,17,484.69,0.9586760418029592
C000491,C_individual,one-year,26,891.9,1.2014598358477462
C000492,C_individual,two-year,15,245.38,1.1985300058604098
C000493,B_smb,month-to-month,25,1730.12,1.0291382095600472
C000494,C_individual,two-year,25,569.31,0.9205765674202414
C000495,C_individual,month-to-month,33,446.19,1.162414726622569
C000496,B_smb,month-to-month,22,1306.67,1.243441681551168
C000497,C_individual,month-to-month,25,318.19,0.7819739522278231
C000498,B_smb,month-to-month,31,1306.07,0.9651352479244046
C000499,C_individual,one-year,20,504.88,1.1733938506928814
C000500,C_individual,two-year,25,384.75,1.011050847311066
C000501,C_individual,month-to-month,4,477.82,0.9267120442138459
C000502,C_individual,one-year,41,286.62,1.0277782164017948
C000503,C_individual,two-year,6,497.38,1.0556056452954057
C000504,C_individual,one-year,41,623.45,0.8309743976510143
C000505,C_individual,month-to-month,36,301.49,1.013619265328951
C000506,B_smb,two-year,45,1215.05,1.0551000274542923
C000507,C_individual,month-to-month,1,592.79,0.926373211166979
C000508,B_smb,one-year,10,1531.39,0.8830767716078517
C000509,A_enterprise,one-year,2,4788.6,0.9193168615113441
C000510,A_enterprise,one-year,20,4490.28,0.8543631079393638
C000511,C_individual,month-to-month,43,399.86,1.1275930827239995
C000512,A_enterprise,month-to-month,36,4486.64,0.8524539827451023
C000513,B_smb,one-year,33,1137.51,1.0283564949304218
C000514,B_smb,month-to-month,40,1304.39,0.943870154873097
C000515,B_smb,month-to-month,0,1646.49,0.8940723468907777
C000516,B_smb,one-year,37,769.21,1.2056991437063225
C000517,C_individual,one-year,14,321.5,0.9803824782061257
C000518,A_enterprise,month-to-month,33,3852.31,0.8995900859850098
C000519,C_individual,month-to-month,36,450.88,0.885232195076289
C000520,C_individual,two-year,32,677.67,1.0508597093128746
C000521,B_smb,month-to-month,20,1718.9,1.123988179081236
C000522,B_smb,month-to-month,29,575.85,1.1906132244764254
C000523,C_individual,month-to-month,22,626.36,0.9748515613721749
C000524,A_enterprise,month-to-month,30,4218.53,0.9658403456940245
C000525,B_smb,two-year,22,1800.4,1.0196431531559869
C000526,C_individual,month-to-month,18,628.61,1.0250686996897114
C000527,C_individual,month-to-month,9,656.79,0.884191497798419
C000528,C_individual,one-year,18,342.99,1.2193617969904122
C000529,B_smb,month-to-month,34,1122.04,1.0033332635258136
C000530,C_individual,month-to-month,41,551.1,1.0802110013323825
C000531,C_individual,two-year,4,418.5,1.063668184663325
C000532,B_smb,one-year,8,1631.87,1.0605899468091249
C000533,C_individual,month-to-month,24,315.4,0.8493854851662902
C000534,A_enterprise,month-to-month,33,4163.49,0.9990399276142191
C000535,B_smb,month-to-month,8,1083.71,1.342111643564071
C000536,C_individual,month-to-month,15,431.34,1.2380753076930486
C000537,B_smb,one-year,2,1616.77,1.0235511491004026
C000538,B_smb,one-year,2,855.49,0.9449703323477359
C000539,C_individual,one-year,6,480.68,0.6673330613814963
C000540,C_individual,two-year,35,584.14,0.925399572966811
C000541,C_individual,month-to-month,41,197.64,0.9882371338641369
C000542,C_individual,two-year,23,456.82,0.9524025309660785
C000543,C_individual,one-year,8,363.97,0.9628476368933724
C000544,A_enterprise,month-to-month,44,4552.7,1.093364702478672
C000545,B_smb,two-year,13,1388.86,0.8499466413414117
C000546,B_smb,month-to-month,7,1535.33,1.040897757419348
C000547,A_enterprise,one-year,6,5259.72,0.9834611703299387
C000548,C_individual,one-year,16,451.53,0.8676544728239554
C000549,B_smb,month-to-month,35,2055.58,1.2511157159811501
C000550,B_smb,two-year,19,997.63,1.1121714827963756
C000551,B_smb,month-to-month,21,443.56,0.8820400314722985
C000552,B_smb,two-year,16,1275.3,1.0775876626840308
C000553,C_individual,month-to-month,45,586.85,0.7915806653257597
C000554,A_enterprise,month-to-month,32,5452.45,0.9004781233850417
C000555,B_smb,month-to-month,31,1122.07,1.1991354691311524
C000556,B_smb,two-year,21,1661.73,1.0527272312901894
C000557,B_smb,month-to-month,25,985.6,1.040679597449384
C000558,C_individual,two-year,42,431.86,1.1480452121090705
C000559,B_smb,month-to-month,31,1591.54,1.0916917164864575
C000560,A_enterprise,month-to-month,39,3620.37,0.9600922671136108
C000561,B_smb,month-to-month,1,1546.14,1.1404606966671034
C000562,C_individual,month-to-month,41,389.99,0.7466566642992323
C000563,C_individual,two-year,45,439.65,0.899878799369994
C000564,C_individual,month-to-month,32,440.68,0.985457355564048
C000565,C_individual,one-year,45,445.22,1.0821593510895946
C000566,C_individual,one-year,27,292.36,0.9512501129069788
C000567,A_enterprise,one-year,13,4977.48,0.7323909024060349
C000568,B_smb,one-year,29,886.28,0.7113282545602205
C000569,C_individual,two-year,30,204.67,0.9897860926151802
C000570,B_smb,one-year,6,1080.39,0.9283336678013918
C000571,C_individual,one-year,9,557.5,0.8635034200101781
C000572,B_smb,one-year,13,1618.01,0.8384093068174883
C000573,C_individual,one-year,26,485.85,1.0200664071928625
C000574,C_individual,month-to-month,7,368.14,1.1953391911854176
C000575,C_individual,one-year,36,535.87,1.0200790742305863
C000576,C_individual,month-to-month,5,305.65,1.1973403877173494
C000577,C_individual,one-year,45,433.52,0.9439012492460584
C000578,C_individual,two-year,32,293.22,1.0665163458831513
C000579,B_smb,two-year,16,1700.21,1.202805887225805
C000580,B_smb,two-year,17,1469.8,0.9763188139011821
C000581,C_individual,one-year,33,540.7,1.0038958456286478
C000582,A_enterprise,one-year,4,4487.55,0.9438274393430454
C000583,B_smb,month-to-month,34,1256.24,1.0888759358808853
C000584,C_individual,month-to-month,26,580.84,1.1353408151687292
C000585,C_individual,month-to-month,10,335.24,1.0526920194111042
C000586,B_smb,month-to-month,43,1398.09,0.965583704257817
C000587,B_smb,two-year,30,1538.93,0.7750414654011828
C000588,B_smb,two-year,7,975.45,0.9927355311698376
C000589,A_enterprise,one-year,31,5583.32,0.9712069331386868
C000590,C_individual,month-to-month,19,606.23,1.0353994140829135
C000591,B_smb,one-year,36,1593.09,1.0175188349738276
C000592,B_smb,month-to-month,23,1392.22,1.2358612226017451
C000593,C_individual,two-year,47,398.3,0.8955385166979638
C000594,A_enterprise,two-year,44,3918.21,0.7637105421390615
C000595,B_smb,month-to-month,1,1126.46,0.8286196897182495
C000596,C_individual,month-to-month,19,219.9,0.9049565520291215
C000597,C_individual,month-to-month,9,503.92,1.1623010757375487
C000598,C_individual,month-to-month,21,512.89,0.8054136129666262
C000599,C_individual,month-to-month,6,362.74,0.825429670696371
C000600,B_smb,month-to-month,25,1329.03,1.06208593171422
C000601,C_individual,month-to-month,7,348.32,1.1273959138286402
C000602,C_individual,month-to-month,29,512.71,0.7676141890982822
C000603,C_individual,month-to-month,21,456.79,0.7341917908082978
C000604,C_individual,one-year,47,310.11,0.8820195100748223
C000605,C_individual,month-to-month,42,448.85,1.098604319920552
C000606,C_individual,two-year,28,362.04,1.021484006936233
C000607,A_enterprise,month-to-month,21,4650.78,0.8875039198581348
C000608,C_individual,month-to-month,34,557.24,1.1109145537305347
C000609,B_smb,month-to-month,32,1516.4,1.0186457985598332
C000610,C_individual,one-year,6,459.73,0.9838606697566149
C000611,C_individual,month-to-month,18,571.65,0.7578476608455486
C000612,C_individual,one-year,47,429.17,0.8844222195145469
C000613,C_individual,month-to-month,15,541.01,1.2935391340520461
C000614,B_smb,two-year,0,1012.49,0.9495560311666285
C000615,C_individual,month-to-month,40,391.09,0.8564809576969786
C000616,C_individual,month-to-month,44,647.54,0.942662294545361
C000617,B_smb,two-year,31,1682.0,1.0178626869617777
C000618,A_enterprise,month-to-month,30,5176.23,1.1325015838005117
C000619,A_enterprise,month-to-month,16,3594.93,1.093162756013323
C000620,C_individual,two-year,17,478.33,0.8985105987670728
C000621,B_smb,month-to-month,43,1732.87,1.1907365250600395
C000622,C_individual,month-to-month,41,354.87,1.1222032541125166
C000623,B_smb,month-to-month,23,1177.33,0.933229963483536
C000624,C_individual,month-to-month,15,327.18,0.9807702617541306
C000625,B_smb,two-year,9,1544.77,1.0901003624743284
C000626,C_individual,one-year,0,410.95,1.1612055237470804
C000627,A_enterprise,one-year,23,4192.83,0.772199824735037
C000628,C_individual,month-to-month,26,529.02,1.0105674867147851
C000629,C_individual,one-year,32,422.6,0.9953313042272134
C000630,C_individual,one-year,38,605.86,0.9144049060556413
C000631,C_individual,month-to-month,17,420.64,0.9136298220876166
C000632,A_enterprise,two-year,8,4127.65,1.1581564614865294
C000633,B_smb,one-year,40,1522.06,1.0802017170348157
C000634,A_enterprise,one-year,36,3271.28,1.315995187525052
C000635,A_enterprise,month-to-month,25,4720.11,0.9145310785637502
C000636,C_individual,month-to-month,1,539.01,1.0205701711332253
C000637,C_individual,one-year,22,458.04,1.0464550377063964
C000638,C_individual,one-year,29,701.27,1.134412610804441
C000639,C_individual,month-to-month,41,504.75,1.2037619116423424
C000640,C_individual,month-to-month,24,331.58,1.0140417402815394
C000641,C_individual,two-year,22,321.42,0.835783685284368
C000642,A_enterprise,month-to-month,18,3727.47,0.8933682614900048
C000643,B_smb,month-to-month,19,977.34,1.0214091425920402
C000644,C_individual,one-year,0,521.38,1.168414272083269
C000645,C_individual,month-to-month,4,557.48,0.7830391048550123
C000646,A_enterprise,month-to-month,36,3924.42,0.8244995782615681
C000647,C_individual,month-to-month,17,345.7,1.1135730233021204
C000648,C_individual,two-year,40,560.58,0.8059559220353771
C000649,A_enterprise,month-to-month,19,2800.75,0.8312465736045231
C000650,B_smb,one-year,47,2000.76,1.170480617965165
C000651,C_individual,two-year,8,430.87,0.9668017278684508
C000652,C_individual,one-year,9,506.55,0.9553282028940808
C000653,B_smb,one-year,28,1072.2,1.2052440732382383
C000654,C_individual,one-year,38,486.22,0.8405535017059721
C000655,B_smb,month-to-month,6,1361.94,0.8104023193187585
C000656,C_individual,one-year,24,565.69,1.2443818774280808
C000657,B_smb,two-year,10,1490.83,1.0349983458472456
C000658,C_individual,one-year,35,478.1,1.1019557125326505
C000659,B_smb,month-to-month,26,1708.55,0.9533373887023663
C000660,B_smb,month-to-month,31,1719.7,0.9840102360963912
C000661,C_individual,two-year,12,265.54,0.8944351399976531
C000662,B_smb,month-to-month,13,1123.07,1.0477180051472192
C000663,A_enterprise,two-year,30,4581.26,1.1247059397209394
C000664,B_smb,month-to-month,16,1296.15,1.0293972865640342
C000665,C_individual,one-year,33,344.72,1.1591360139034559
C000666,C_individual,two-year,7,457.94,1.0993593495992577
C000667,C_individual,month-to-month,14,611.01,0.8427336582055763
C000668,B_smb,month-to-month,4,1331.77,0.9782883984546261
C000669,B_smb,two-year,4,1643.59,0.9327408012601455
C000670,A_enterprise,month-to-month,12,3656.18,1.1130151183840473
C000671,C_individual,month-to-month,23,773.85,1.0692381198019842
C000672,C_individual,one-year,6,392.38,1.0191074000104363
C000673,C_individual,month-to-month,4,420.49,1.1520383148314859
C000674,C_individual,one-year,42,533.2,0.7201479544782821
C000675,B_smb,month-to-month,24,1288.62,0.9095304664090375
C000676,C_individual,month-to-month,34,551.9,0.9222569494553191
C000677,B_smb,two-year,34,1460.85,1.037760158293165
C000678,A_enterprise,month-to-month,4,4254.92,1.0829215298267294
C000679,B_smb,month-to-month,29,1668.41,0.9998038333853944
C000680,A_enterprise,one-year,41,2479.28,0.8027560202655102
C000681,B_smb,two-year,21,1754.42,1.0610157681387935
C000682,A_enterprise,one-year,41,4648.39,1.019209275025569
C000683,B_smb,two-year,45,2020.76,0.7796929435057396
C000684,C_individual,month-to-month,26,530.8,0.9556897167891223
C000685,B_smb,month-to-month,4,1502.2,1.0561036823812502
C000686,B_smb,two-year,29,1337.47,1.247981323512626
C000687,C_individual,two-year,42,359.87,0.8366393689345263
C000688,C_individual,one-year,27,419.27,1.1185180658932499
C000689,C_individual,month-to-month,38,320.24,0.8385289370838325
C000690,B_smb,month-to-month,25,1413.07,0.8094087265805755
C000691,C_individual,month-to-month,20,332.72,0.8182613127198172
C000692,B_smb,two-year,45,1314.01,1.090752090887743
C000693,B_smb,two-year,7,1593.6,1.0194839683168122
C000694,C_individual,month-to-month,21,558.9,0.9527966054074463
C000695,C_individual,month-to-month,7,697.58,1.0686747977442148
C000696,C_individual,month-to-month,31,532.29,1.0061232110604679
C000697,C_individual,month-to-month,44,428.93,1.0165778394500133
C000698,C_individual,one-year,47,666.04,0.9544710723160174
C000699,B_smb,one-year,11,1286.65,0.845867940840964
C000700,B_smb,month-to-month,34,1455.13,1.2536960674301378
C000701,B_smb,one-year,41,1464.52,1.2100647424917585
C000702,B_smb,two-year,40,1594.81,1.2385238055297252
C000703,C_individual,month-to-month,24,470.23,0.9191027670383666
C000704,B_smb,month-to-month,8,1827.5,0.8977108431173214
C000705,C_individual,month-to-month,22,362.75,0.9378332556673428
C000706,C_individual,month-to-month,37,301.02,1.1611160416029247
C000707,C_individual,one-year,29,301.02,0.9999711892948202
C000708,B_smb,one-year,18,1329.43,0.9185212452027836
C000709,B_smb,month-to-month,10,720.8,1.0545792517118238
C000710,C_individual,month-to-month,31,662.35,0.8895326600106244
C000711,C_individual,two-year,20,343.2,0.7966914179991771
C000712,C_individual,month-to-month,22,508.94,1.0193852436525483
C000713,C_individual,one-year,45,477.25,0.9225890181811104
C000714,C_individual,one-year,0,555.56,0.9979449856489042
C000715,B_smb,two-year,11,784.21,0.5972710537285753
C000716,C_individual,one-year,44,568.21,0.8661882407142334
C000717,A_enterprise,two-year,44,5542.66,0.9932414112519174
C000718,C_individual,one-year,14,319.05,0.7725414040360022
C000719,C_individual,month-to-month,47,537.93,0.777641718154686
C000720,C_individual,month-to-month,10,437.63,1.0058154064910076
C000721,B_smb,month-to-month,2,1720.16,1.1052372873186478
C000722,A_enterprise,month-to-month,14,3998.14,0.8662425886938071
C000723,C_individual,month-to-month,25,560.59,0.960681001371796
C000724,A_enterprise,month-to-month,0,5135.85,0.9641465984726761
C000725,A_enterprise,month-to-month,8,3578.27,0.7656528681663428
C000726,B_smb,month-to-month,37,1679.66,1.177582911932263
C000727,A_enterprise,month-to-month,29,3665.69,0.972556382468767
C000728,B_smb,one-year,29,928.89,0.9741640606782918
C000729,C_individual,one-year,47,545.05,1.0559475105944502
C000730,B_smb,two-year,10,1057.31,0.7660007523998199
C000731,A_enterprise,one-year,43,4856.11,1.1379901442938047
C000732,A_enterprise,two-year,17,4798.42,1.1575916156432193
C000733,B_smb,one-year,44,1372.87,1.0210797545232
C000734,A_enterprise,month-to-month,37,3822.7,1.0693312671742965
C000735,C_individual,two-year,10,567.79,0.9510880753823351
C000736,B_smb,month-to-month,10,1256.32,1.1294941073217368
C000737,B_smb,one-year,26,1060.8,0.8765590439311032
C000738,B_smb,one-year,24,1516.65,0.9951402511548707
C000739,B_smb,month-to-month,11,1889.44,1.0040895229032525
C000740,A_enterprise,one-year,12,4292.32,0.9941973296687249
C000741,A_enterprise,month-to-month,43,4069.16,1.1603689084435207
C000742,C_individual,month-to-month,36,576.2,1.3282307255832588
C000743,A_enterprise,month-to-month,9,4470.24,0.9835244429159572
C000744,C_individual,month-to-month,34,516.6,1.0705536450740727
C000745,B_smb,month-to-month,7,1403.25,0.8796358842190817
C000746,B_smb,one-year,21,1365.06,1.1547882220247188
C000747,B_smb,one-year,0,1582.44,0.9223773015522806
C000748,C_individual,month-to-month,31,414.05,1.4717692172893613
C000749,C_individual,one-year,8,539.4,0.7493890300553975
C000750,B_smb,month-to-month,11,800.08,1.3221167750631881
C000751,B_smb,month-to-month,9,1339.37,1.1486833282074187
C000752,B_smb,one-year,8,1489.8,0.8316637250985103
C000753,B_smb,two-year,3,1460.57,1.3479172581654406
C000754,C_individual,month-to-month,26,633.8,0.8607384385086336
C000755,B_smb,month-to-month,41,1846.31,0.9528503724455925
C000756,B_smb,one-year,14,1440.86,0.8055111166194888
C000757,C_individual,two-year,37,532.33,0.97803221422167
C000758,A_enterprise,month-to-month,26,4028.39,0.9920954080365871
C000759,B_smb,month-to-month,12,875.99,1.1245046035914597
C000760,C_individual,month-to-month,2,419.94,1.3657470553284008
C000761,B_smb,one-year,37,1473.63,0.9230559042305082
C000762,A_enterprise,two-year,1,3379.17,0.5871054371676676
C000763,A_enterprise,one-year,20,4335.85,1.097274721729991
C000764,C_individual,month-to-month,1,472.92,0.9174533921001173
C000765,A_enterprise,one-year,37,4696.57,1.2727680105334485
C000766,B_smb,two-year,47,1162.01,0.994812308754462
C000767,A_enterprise,month-to-month,15,3291.23,0.8861363836490748
C000768,A_enterprise,two-year,15,4355.47,0.8480547076206623
C000769,C_individual,month-to-month,27,452.76,1.093433007949643
C000770,B_smb,month-to-month,24,1141.5,0.9587145005458488
C000771,C_individual,one-year,18,380.72,1.220156087969538
C000772,C_individual,month-to-month,17,439.6,0.9684115751617296
C000773,C_individual,two-year,9,275.94,1.2121930240293508
C000774,A_enterprise,one-year,12,3407.05,0.7929798690878548
C000775,C_individual,month-to-month,28,664.54,0.7392070492243962
C000776,C_individual,month-to-month,35,406.14,1.1243781430609023
C000777,B_smb,one-year,36,1547.12,0.9303361606715312
C000778,C_individual,month-to-month,24,554.64,0.9604673706934492
C000779,C_individual,one-year,36,496.71,0.8481709046047006
C000780,B_smb,month-to-month,28,1352.6,0.8371747926337971
C000781,C_individual,month-to-month,17,414.35,1.0953500658815338
C000782,B_smb,one-year,16,1253.31,0.9971729057791162
C000783,C_individual,month-to-month,24,427.97,0.8409698275901992
C000784,C_individual,one-year,14,516.58,1.1185815819222609
C000785,B_smb,one-year,36,1504.0,1.1762370208598794
C000786,C_individual,month-to-month,8,496.55,0.9836751824390214
C000787,B_smb,one-year,2,1710.75,1.1504799877011929
C000788,C_individual,one-year,23,501.01,0.8497292663482033
C000789,C_individual,two-year,3,449.64,1.0865813349651507
C000790,B_smb,month-to-month,9,1190.87,1.0242625316804124
C000791,B_smb,month-to-month,18,937.72,0.8812658362532351
C000792,B_smb,one-year,0,1501.41,1.30795878719804
C000793,A_enterprise,one-year,10,5472.68,1.0349162487634884
C000794,A_enterprise,one-year,26,4460.26,0.9113769659046362
C000795,B_smb,one-year,17,1689.14,1.0029436074014586
C000796,A_enterprise,one-year,43,4774.54,0.8695458420507194
C000797,B_smb,month-to-month,4,1157.57,0.8264682407296369
C000798,C_individual,one-year,34,373.61,0.9325870591655913
C000799,C_individual,month-to-month,28,354.44,0.9427431354568672
C000800,C_individual,month-to-month,30,384.86,0.8793739284690146
C000801,B_smb,one-year,32,1484.5,1.1876669952728505
C000802,C_individual,month-to-month,2,533.84,0.8851335142223847
C000803,C_individual,month-to-month,38,399.14,0.8601656437982679
C000804,A_enterprise,two-year,15,4154.86,0.8221419640881851
C000805,A_enterprise,one-year,31,2976.37,0.8077025414875935
C000806,C_individual,one-year,14,446.06,1.154117752680725
C000807,B_smb,two-year,19,1025.87,1.03872507527404
C000808,C_individual,month-to-month,33,370.64,1.1035491316816484
C000809,C_individual,one-year,44,456.33,1.1527607621692442
C000810,A_enterprise,month-to-month,42,3170.76,0.9500050359849183
C000811,A_enterprise,month-to-month,34,4398.67,1.2208359642813105
C000812,C_individual,month-to-month,25,286.71,0.9059664732610138
C000813,C_individual,month-to-month,25,331.7,0.8356410961302922
C000814,A_enterprise,one-year,46,4169.02,1.0560424990077848
C000815,C_individual,month-to-month,9,413.7,1.0216821816922745
C000816,C_individual,one-year,45,417.62,1.0214439633303556
C000817,C_individual,month-to-month,31,414.1,1.1522982012528769
C000818,C_individual,month-to-month,29,662.73,1.015931644675338
C000819,B_smb,two-year,28,1187.86,1.0469577713521525
C000820,A_enterprise,one-year,38,3111.37,1.203940386778707
C000821,C_individual,two-year,32,348.55,1.0400021463084483
C000822,B_smb,month-to-month,4,873.95,1.0741388551389028
C000823,C_individual,month-to-month,37,511.77,0.7873428474579414
C000824,C_individual,one-year,34,524.23,1.557872722100605
C000825,A_enterprise,one-year,43,2656.52,0.7613736547704831
C000826,C_individual,month-to-month,44,437.01,0.9191005972578291
C000827,B_smb,two-year,45,1162.37,0.91456490757966
C000828,C_individual,one-year,2,646.02,1.3162023278348725
C000829,B_smb,one-year,30,1288.5,0.9099100940084418
C000830,C_individual,month-to-month,44,457.53,1.0662819156823748
C000831,C_individual,one-year,46,501.6,0.9155851312732985
C000832,B_smb,month-to-month,26,955.96,0.8439854408845252
C000833,C_individual,two-year,43,250.73,1.085553302947841
C000834,C_individual,month-to-month,42,399.58,0.8921550470317333
C000835,C_individual,month-to-month,0,287.09,1.0311384854188654
C000836,C_individual,month-to-month,42,234.21,1.0940038782953965
C000837,C_individual,one-year,30,425.46,1.2860132346637136
C000838,B_smb,two-year,27,1416.72,0.8106737557644893
C000839,C_individual,two-year,8,594.72,0.9770777205209819
C000840,A_enterprise,one-year,44,3427.77,0.9832795903643516
C000841,C_individual,two-year,14,529.98,1.000139214156289
C000842,C_individual,one-year,20,426.27,1.3853201984373849
C000843,B_smb,month-to-month,14,1103.18,0.9740001154579211
C000844,A_enterprise,one-year,46,4816.33,0.6219115603682877
C000845,C_individual,month-to-month,23,426.69,0.9702353707114343
C000846,B_smb,month-to-month,5,1293.95,0.9822434180795264
C000847,C_individual,month-to-month,0,304.44,0.963843755560975
C000848,A_enterprise,month-to-month,47,2594.22,0.89220337032256
C000849,C_individual,two-year,11,574.04,0.8018047545778949
C000850,B_smb,two-year,36,1120.76,1.3239236559505767
C000851,B_smb,month-to-month,1,1923.41,1.0477440207906838
C000852,C_individual,one-year,43,425.3,0.9711639586351242
C000853,C_individual,month-to-month,31,486.26,1.3191438949901217
C000854,B_smb,month-to-month,10,1086.45,0.8697013472749908
C000855,B_smb,month-to-month,42,1357.56,1.0903612615287517
C000856,C_individual,month-to-month,14,621.5,0.8126407922367432
C000857,C_individual,month-to-month,47,294.52,1.1126137694539011
C000858,B_smb,month-to-month,28,1454.53,0.8298257061073461
C000859,C_individual,month-to-month,21,247.47,1.0705694584140233
C000860,C_individual,month-to-month,2,524.55,1.2929853668352471
C000861,C_individual,two-year,12,516.55,1.0140174391579915
C000862,C_individual,month-to-month,2,851.83,0.6711127803491967
C000863,C_individual,month-to-month,40,573.16,1.0053657220981984
C000864,A_enterprise,one-year,4,4951.11,1.072067802966987
C000865,C_individual,month-to-month,5,480.59,1.1351475971188858
C000866,C_individual,one-year,5,412.01,1.2210387240224583
C000867,C_individual,month-to-month,46,465.66,1.2286855964362848
C000868,A_enterprise,one-year,46,4129.0,0.9803590242959894
C000869,B_smb,one-year,34,2117.04,0.9010842178346627
C000870,C_individual,one-year,3,473.63,0.8322234189030965
C000871,A_enterprise,one-year,24,3934.57,0.9190075380982003
C000872,C_individual,month-to-month,45,660.48,1.0714795773407138
C000873,B_smb,month-to-month,4,1456.47,0.7977028278656247
C000874,C_individual,month-to-month,38,358.13,0.8609709601857274
C000875,C_individual,one-year,0,482.22,1.0843448632141848
C000876,B_smb,month-to-month,38,1658.56,0.903026931704303
C000877,B_smb,month-to-month,26,1346.11,1.0554979350410787
C000878,C_individual,one-year,42,296.52,0.8778534706291943
C000879,C_individual,month-to-month,19,431.28,1.0431697454653766
C000880,B_smb,month-to-month,37,1444.89,0.8842184511715357
C000881,C_individual,one-year,40,424.02,0.7147035411821966
C000882,C_individual,month-to-month,15,537.86,1.143393530743616
C000883,B_smb,two-year,30,1318.35,0.8956158262263048
C000884,B_smb,two-year,22,1076.6,0.962705468935201
C000885,B_smb,two-year,20,1256.5,0.8963286852537481
C000886,B_smb,month-to-month,38,1368.68,1.0816716655372594
C000887,A_enterprise,month-to-month,10,5376.6,1.0499753367187936
C000888,B_smb,one-year,5,1573.04,1.0813140224504034
C000889,C_individual,one-year,23,300.97,0.917568544664732
C000890,B_smb,one-year,39,1397.62,0.9925407476090565
C000891,C_individual,month-to-month,7,337.21,1.0625548445098103
C000892,B_smb,month-to-month,16,1324.1,1.2317805958798551
C000893,A_enterprise,month-to-month,32,5260.68,1.0459796907608299
C000894,C_individual,month-to-month,22,317.22,0.8494975517210003
C000895,C_individual,month-to-month,29,410.26,1.040184085086929
C000896,B_smb,two-year,25,669.66,0.9752503350962615
C000897,B_smb,month-to-month,38,1155.09,0.7001899058179749
C000898,B_smb,one-year,42,1648.87,0.7232264784926133
C000899,C_individual,two-year,21,248.04,0.9900265573715537
C000900,B_smb,month-to-month,20,1166.47,1.0026698399154457
C000901,B_smb,one-year,13,2009.72,0.9557875389649135
C000902,A_enterprise,one-year,21,2796.08,1.132627267936535
C000903,B_smb,month-to-month,40,1680.29,0.8597281346243436
C000904,C_individual,month-to-month,24,698.36,0.7920707315902161
C000905,C_individual,two-year,33,253.27,0.8761461556416965
C000906,B_smb,one-year,20,1779.21,0.908533590630064
C000907,A_enterprise,two-year,33,4109.25,0.9912770132720901
C000908,B_smb,two-year,34,894.94,0.880353981580033
C000909,B_smb,month-to-month,25,1389.4,0.6787410517344532
C000910,C_individual,one-year,44,672.6,0.6146041929599302
C000911,C_individual,one-year,42,746.52,1.018473873812356
C000912,C_individual,one-year,7,425.13,0.8306467694918431
C000913,C_individual,one-year,10,468.93,0.6991968007941963
C000914,C_individual,one-year,45,383.71,1.0937411951018579
C000915,C_individual,two-year,19,309.69,1.2317771552722827
C000916,A_enterprise,month-to-month,14,4423.02,0.9858312191845615
C000917,A_enterprise,one-year,38,4648.35,1.0402660197127547
C000918,B_smb,month-to-month,28,1158.17,1.0415373845625262
C000919,C_individual,one-year,6,504.72,0.6530274784005266
C000920,A_enterprise,one-year,4,3165.15,1.1332978910792382
C000921,C_individual,one-year,38,377.85,1.1859822652665832
C000922,C_individual,month-to-month,36,370.02,1.2755198769390037
C000923,C_individual,one-year,16,500.85,0.9343570283956704
C000924,B_smb,month-to-month,41,2225.91,0.829731922887651
C000925,B_smb,month-to-month,6,1357.33,1.2037836280092562
C000926,B_smb,month-to-month,41,1558.97,1.0748365588790878
C000927,C_individual,two-year,3,350.14,1.131199556118941
C000928,C_individual,month-to-month,30,400.29,0.9029385462353312
C000929,C_individual,two-year,40,522.96,1.0407343625088714
C000930,B_smb,month-to-month,29,1106.3,0.8419900120873258
C000931,B_smb,one-year,37,1180.59,0.9992140268940217
C000932,B_smb,one-year,16,1465.66,0.9478168484314361
C000933,C_individual,one-year,13,445.38,1.3515330915194035
C000934,C_individual,one-year,12,488.32,1.0822944565334265
C000935,B_smb,one-year,5,1550.97,0.6771990523213431
C000936,C_individual,two-year,13,375.34,0.999766686157207
C000937,A_enterprise,one-year,11,2901.55,1.0552256481339757
C000938,C_individual,month-to-month,36,439.16,0.9289059546839012
C000939,A_enterprise,month-to-month,10,5523.62,0.834586122484865
C000940,B_smb,one-year,7,1668.74,1.0990774114538604
C000941,C_individual,month-to-month,35,408.56,0.8557918884615796
C000942,B_smb,one-year,25,1620.45,1.0863165578165617
C000943,B_smb,one-year,10,1186.07,0.843118430837504
C000944,B_smb,month-to-month,33,1185.62,0.9199148034621524
C000945,B_smb,one-year,10,1987.44,1.1434225121086266
C000946,C_individual,one-year,37,576.9,1.073376117147351
C000947,C_individual,one-year,1,721.54,1.0047131740444544
C000948,C_individual,one-year,28,350.42,0.9955144224758546
C000949,B_smb,two-year,28,1514.9,1.0135829759619621
C000950,C_individual,one-year,17,515.08,0.8812687442708205
C000951,B_smb,two-year,33,1309.19,0.7724954108357781
C000952,B_smb,month-to-month,18,1858.4,1.0853759489849242
C000953,B_smb,one-year,31,1679.14,1.2295150065855078
C000954,C_individual,one-year,10,704.39,1.0906349393290486
C000955,C_individual,month-to-month,27,482.29,1.0381258623393665
C000956,C_individual,month-to-month,36,355.53,0.818721388438015
C000957,C_individual,one-year,46,431.13,1.131576140633979
C000958,B_smb,month-to-month,17,1753.61,1.0722091581180082
C000959,C_individual,two-year,22,452.22,1.114021975124924
C000960,C_individual,month-to-month,22,532.01,1.1550836515976806
C000961,B_smb,month-to-month,41,1626.13,1.2379010450565482
C000962,A_enterprise,one-year,46,3749.46,0.8327917224031082
C000963,A_enterprise,month-to-month,31,4867.55,0.806653459916665
C000964,C_individual,month-to-month,39,389.81,1.0222231075857868
C000965,B_smb,one-year,4,1003.71,0.8616222746673678
C000966,C_individual,one-year,36,358.88,0.8356443729328931
C000967,B_smb,month-to-month,38,1093.93,1.1830143626616625
C000968,C_individual,one-year,34,401.05,0.8486406107336381
C000969,B_smb,one-year,28,1583.86,0.998339930019703
C000970,B_smb,one-year,43,1940.41,0.7552861405753057
C000971,A_enterprise,month-to-month,31,3363.54,1.0094558593762188
C000972,A_enterprise,month-to-month,40,5260.16,1.1774226334394429
C000973,C_individual,two-year,8,465.33,1.1819639898468461
C000974,B_smb,one-year,31,1324.95,1.1567488287079872
C000975,C_individual,month-to-month,20,239.7,0.9882442046602636
C000976,B_smb,two-year,41,1804.13,1.1667256778361599
C000977,B_smb,month-to-month,42,1782.69,1.0645121870851963
C000978,C_individual,one-year,40,394.38,0.934158054997706
C000979,B_smb,one-year,10,1411.51,1.0572552279291816
C000980,C_individual,two-year,23,428.35,1.1328510270783485
C000981,C_individual,two-year,0,379.44,0.8008423163236903
C000982,C_individual,month-to-month,47,442.73,0.8409374197557656
C000983,B_smb,one-year,12,1838.26,0.9784581127303315
C000984,B_smb,month-to-month,29,1667.54,0.8167362812748584
C000985,C_individual,one-year,23,400.64,0.8145955870657704
C000986,B_smb,one-year,43,1184.46,0.9369119392408188
C000987,A_enterprise,month-to-month,39,4382.83,1.148798354431201
C000988,B_smb,month-to-month,37,1170.31,1.1459726471711003
C000989,C_individual,month-to-month,30,632.54,1.0481620260931857
C000990,C_individual,month-to-month,5,388.2,1.0270421484504435
C000991,C_individual,month-to-month,44,340.66,1.3131217642623672
C000992,C_individual,two-year,3,242.72,0.9190973541302959
C000993,B_smb,one-year,21,1606.69,1.0361611202474648
C000994,C_individual,one-year,18,281.85,0.9116518066189373
C000995,B_smb,two-year,18,994.35,0.8068867995508154
C000996,C_individual,one-year,46,438.47,1.1777321597190213
C000997,A_enterprise,month-to-month,11,3093.2,0.9542191850826298
C000998,C_individual,two-year,27,625.88,1.1042232954579903
C000999,B_smb,one-year,10,941.78,0.9630806515266711
C001000,A_enterprise,one-year,43,4213.66,1.186995574679754
C001001,B_smb,two-year,35,1546.82,0.8504144997967789
C001002,A_enterprise,one-year,19,3651.68,1.1745869069256838
C001003,B_smb,one-year,3,1049.61,1.1341308054486168
C001004,C_individual,two-year,7,573.96,0.7308043727717605
C001005,B_smb,month-to-month,11,1606.07,0.9224713111439654
C001006,C_individual,two-year,19,499.24,1.1531242963615864
C001007,B_smb,month-to-month,42,1196.03,1.2455991436780938
C001008,C_individual,month-to-month,5,441.81,1.1073244477959996
C001009,B_smb,one-year,27,1215.2,0.9405162867912351
C001010,C_individual,month-to-month,16,428.79,0.8547490830098243
C001011,C_individual,two-year,2,572.47,1.0849981718947006
C001012,B_smb,month-to-month,29,1242.7,0.9360968437837712
C001013,C_individual,one-year,33,248.06,0.9424658265117879
C001014,B_smb,month-to-month,46,1483.34,0.9663764571273078
C001015,B_smb,two-year,24,1252.15,1.1322635680545077
C001016,C_individual,month-to-month,15,315.69,1.2709667615636815
C001017,C_individual,month-to-month,41,601.79,1.1540318999765222
C001018,A_enterprise,month-to-month,11,3264.32,1.00143271390804
C001019,B_smb,one-year,32,1448.8,0.8651208836836277
C001020,C_individual,two-year,45,100.0,1.100141592044873
C001021,C_individual,two-year,0,513.99,1.2498164272819046
C001022,C_individual,month-to-month,44,529.5,1.150530747968423
C001023,C_individual,month-to-month,9,512.02,1.0311596578825204
C001024,C_individual,month-to-month,23,506.5,0.9266479621624637
C001025,B_smb,one-year,12,1519.45,1.0517758440801925
C001026,C_individual,one-year,6,400.74,1.1731864898361501
C001027,B_smb,month-to-month,33,1799.44,1.0348463358581124
C001028,C_individual,one-year,23,366.31,0.9844850836077704
C001029,B_smb,two-year,24,805.24,0.8969133039946947
C001030,C_individual,month-to-month,23,490.55,1.388413990990582
C001031,C_individual,month-to-month,35,544.78,0.8663602926438667
C001032,C_individual,month-to-month,46,281.23,0.8524963941608813
C001033,C_individual,month-to-month,24,250.89,1.0246146147712643
C001034,B_smb,month-to-month,7,1445.85,0.9697108534487764
C001035,C_individual,one-year,15,327.61,1.1534943940674272
C001036,B_smb,month-to-month,23,1401.86,1.1585668168317156
C001037,B_smb,one-year,4,1511.01,0.8178555595434912
C001038,B_smb,two-year,10,1838.45,0.8866653909984634
C001039,A_enterprise,two-year,9,3788.23,0.8686882330976508
C001040,A_enterprise,one-year,46,3567.42,1.1176791018075245
C001041,C_individual,month-to-month,19,512.92,1.0642509519737562
C001042,C_individual,month-to-month,42,323.37,0.9442761706742689
C001043,C_individual,month-to-month,26,701.37,1.0324599148738702
C001044,A_enterprise,two-year,24,5750.82,0.8310608065382458
C001045,B_smb,two-year,45,1427.23,0.8886170829889126
C001046,B_smb,month-to-month,33,1159.62,0.8049969302096205
C001047,C_individual,month-to-month,11,505.99,1.021823447025033
C001048,C_individual,one-year,13,513.05,1.0212541513893876
C001049,B_smb,month-to-month,31,1251.56,0.8523448750399143
C001050,C_individual,two-year,0,424.37,1.063181367368511
C001051,A_enterprise,month-to-month,7,3470.82,1.1585672948427097
C001052,B_smb,month-to-month,3,1152.5,0.8454274843813833
C001053,A_enterprise,month-to-month,34,3659.19,0.9510518900503948
C001054,B_smb,month-to-month,21,1505.96,1.0770431763811696
C001055,C_individual,month-to-month,0,383.96,0.9990447274919434
C001056,C_individual,two-year,35,377.81,0.7941943630385421
C001057,B_smb,month-to-month,31,1556.32,0.93388169630057
C001058,C_individual,one-year,34,521.11,0.9289030899074826
C001059,C_individual,month-to-month,7,376.08,0.974437355397109
C001060,C_individual,month-to-month,41,426.99,0.9808248181141455
C001061,C_individual,month-to-month,8,478.53,1.2349010040759296
C001062,B_smb,month-to-month,27,1575.49,0.9687243374978605
C001063,C_individual,month-to-month,26,449.33,0.7422876489598687
C001064,B_smb,month-to-month,10,1235.07,1.0136696765089326
C001065,C_individual,two-year,18,482.26,1.262162662687796
C001066,B_smb,one-year,2,1585.35,0.9749326294974506
C001067,C_individual,two-year,22,439.63,0.9342869538918086
C001068,A_enterprise,month-to-month,32,4025.81,0.9542314145678097
C001069,B_smb,one-year,14,1663.8,1.087621735547236
C001070,C_individual,one-year,25,381.5,0.953593707848986
C001071,C_individual,month-to-month,45,432.13,0.7726585412211137
C001072,B_smb,month-to-month,11,1441.52,0.8992334592348717
C001073,C_individual,one-year,13,413.11,0.9902963387703203
C001074,C_individual,one-year,5,454.79,1.0803436867613048
C001075,B_smb,month-to-month,26,1108.72,0.9125958085119097
C001076,C_individual,month-to-month,9,475.82,0.9555679114230885
C001077,B_smb,two-year,41,1304.4,1.0067388471758822
C001078,C_individual,month-to-month,13,360.79,0.8833865061550431
C001079,B_smb,two-year,31,1446.58,0.9862379883436101
C001080,B_smb,two-year,9,1485.72,1.0700817674963472
C001081,C_individual,two-year,15,608.51,0.8220255190098358
C001082,C_individual,one-year,8,274.16,1.0459683356472729
C001083,C_individual,month-to-month,26,661.53,0.8364539290436975
C001084,C_individual,one-year,1,415.39,0.8394563687245593
C001085,C_individual,one-year,3,560.98,0.9005806026281284
C001086,C_individual,one-year,24,361.5,1.2048127511106503
C001087,C_individual,month-to-month,26,256.7,0.7427231059322745
C001088,B_smb,month-to-month,15,1242.27,0.9304077967929216
C001089,B_smb,month-to-month,20,880.9,0.9960324055128654
C001090,B_smb,month-to-month,19,962.97,1.1750765952316724
C001091,C_individual,one-year,36,453.74,1.2921913086839472
C001092,B_smb,two-year,21,1784.54,0.9366962419625091
C001093,B_smb,one-year,40,1879.97,1.0809039605840787
C001094,C_individual,one-year,10,450.24,0.9858173454334703
C001095,B_smb,month-to-month,9,1102.73,0.9848542883643271
C001096,B_smb,month-to-month,19,1268.6,1.0409904313228686
C001097,C_individual,month-to-month,3,449.04,0.7621803464144488
C001098,C_individual,month-to-month,32,366.5,0.9928174277953665
C001099,B_smb,month-to-month,18,1476.58,1.0676137583911331
C001100,A_enterprise,month-to-month,17,3775.46,0.8710351685736069
C001101,B_smb,month-to-month,25,1987.51,1.0686112185632997
C001102,C_individual,one-year,3,468.83,0.7407317672344734
C001103,C_individual,month-to-month,18,627.87,1.014034978989724
C001104,A_enterprise,month-to-month,46,4525.69,1.2013268402374728
C001105,C_individual,month-to-month,30,435.95,0.9672114856825244
C001106,A_enterprise,one-year,27,5169.38,0.8532734794863058
C001107,B_smb,one-year,24,1503.12,0.7862293523517432
C001108,C_individual,month-to-month,22,372.09,1.0585786591758126
C001109,B_smb,month-to-month,44,1439.22,1.139202461487134
C001110,B_smb,two-year,44,1595.47,0.9915858381939164
C001111,B_smb,one-year,19,1825.92,0.9304463716742464
C001112,C_individual,one-year,44,626.8,0.7103638718791883
C001113,C_individual,one-year,3,320.55,1.0186044042627524
C001114,C_individual,two-year,15,387.75,0.8966099894661278
C001115,A_enterprise,two-year,14,3200.65,0.9052349634613351
C001116,A_enterprise,month-to-month,33,4551.08,1.2424623905052827
C001117,C_individual,one-year,29,463.66,0.7297586965930797
C001118,B_smb,month-to-month,22,1279.06,0.7498363506461636
C001119,C_individual,one-year,12,646.94,1.034698859334681
C001120,C_individual,month-to-month,24,588.95,0.9422033504070786
C001121,A_enterprise,month-to-month,12,5197.09,0.9221798994466897
C001122,C_individual,two-year,23,410.6,1.0408976873416813
C001123,B_smb,two-year,16,1435.15,1.038386357327718
C001124,B_smb,month-to-month,42,1725.83,0.853954403178665
C001125,C_individual,two-year,35,338.09,0.911245246949857
C001126,C_individual,month-to-month,8,322.66,1.0074336724234834
C001127,C_individual,month-to-month,45,413.87,1.0250613538774334
C001128,C_individual,two-year,31,501.74,1.072488053221713
C001129,C_individual,month-to-month,16,388.36,0.9125254125507554
C001130,C_individual,month-to-month,25,504.27,1.0520573803636506
C001131,C_individual,one-year,9,684.04,1.142552161064134
C001132,A_enterprise,month-to-month,2,2179.67,1.0070288906115936
C001133,C_individual,month-to-month,20,396.52,0.9845757318476962
C001134,C_individual,month-to-month,37,283.56,0.9646684981558041
C001135,B_smb,one-year,16,1401.52,0.9073918905651088
C001136,B_smb,month-to-month,18,1281.35,0.859303115287476
C001137,B_smb,month-to-month,47,1218.3,0.9552792518590361
C001138,A_enterprise,one-year,47,4061.09,1.0676198383148097
C001139,C_individual,month-to-month,22,468.11,0.8666267926208593
C001140,B_smb,month-to-month,2,1226.93,0.988689925410877
C001141,C_individual,one-year,32,413.2,0.9712845081159852
C001142,C_individual,one-year,34,424.25,1.2666708716672193
C001143,C_individual,month-to-month,43,407.92,1.108416707869262
C001144,B_smb,two-year,45,1655.84,1.1059846447508288
C001145,B_smb,one-year,30,1481.32,1.1380067234264366
C001146,C_individual,month-to-month,5,219.18,0.9181458499459471
C001147,C_individual,one-year,11,484.55,1.206513805580154
C001148,B_smb,one-year,34,1372.07,1.023875803966462
C001149,C_individual,one-year,29,409.34,0.9933002100929564
C001150,A_enterprise,one-year,20,4624.33,0.8177905851043894
C001151,C_individual,one-year,19,406.96,0.939757928714663
C001152,A_enterprise,two-year,34,3329.6,0.7351091659597608
C001153,B_smb,one-year,20,1710.36,0.9627723895390314
C001154,C_individual,two-year,7,307.64,0.9135548762787178
C001155,A_enterprise,one-year,47,4375.13,0.9402472983060707
C001156,A_enterprise,two-year,16,5025.9,0.7921066571138596
C001157,A_enterprise,two-year,13,3462.5,1.1055405235529268
C001158,B_smb,month-to-month,3,1369.48,1.0888798949021625
C001159,C_individual,month-to-month,22,201.77,1.2534668618865732
C001160,A_enterprise,one-year,47,3561.07,1.2492201755003782
C001161,C_individual,month-to-month,7,482.46,1.0234308541846049
C001162,C_individual,one-year,11,564.66,1.1535104150538913
C001163,B_smb,one-year,8,1182.69,1.0391958741462677
C001164,A_enterprise,two-year,4,5433.03,0.9358970489898097
C001165,C_individual,month-to-month,28,487.67,0.9582820032253003
C001166,C_individual,one-year,14,297.2,1.0958380800829701
C001167,C_individual,month-to-month,36,604.46,1.6131884606231948
C001168,C_individual,one-year,19,299.65,1.1750310752238107
C001169,A_enterprise,month-to-month,30,3484.22,1.0369610971737466
C001170,B_smb,one-year,4,1840.16,1.072568733758435
C001171,C_individual,one-year,15,287.11,1.071230266399315
C001172,B_smb,one-year,19,963.78,0.9864566377251122
C001173,C_individual,one-year,2,418.83,1.1134705032607586
C001174,C_individual,month-to-month,20,657.08,0.9766804851068532
C001175,C_individual,month-to-month,22,327.85,0.8482732456196426
C001176,B_smb,month-to-month,19,1106.66,1.0722492633747593
C001177,B_smb,two-year,24,976.94,1.0923005712064193
C001178,B_smb,two-year,38,1513.94,0.9781292117843037
C001179,B_smb,month-to-month,36,1647.18,1.0464787028255624
C001180,C_individual,month-to-month,0,516.47,1.1441334527959723
C001181,A_enterprise,month-to-month,30,4214.52,0.9922284879268841
C001182,A_enterprise,one-year,43,3235.68,0.9329493913787693
C001183,B_smb,month-to-month,41,1482.83,0.893602584465598
C001184,B_smb,month-to-month,15,1549.06,0.9619321801189866
C001185,C_individual,month-to-month,37,493.72,1.230233785636736
C001186,B_smb,month-to-month,38,1449.43,0.9702461183982933
C001187,C_individual,month-to-month,17,297.21,1.0539175134331904
C001188,A_enterprise,month-to-month,41,4253.49,0.9513282439378471
C001189,C_individual,one-year,30,420.54,0.938465352125909
C001190,B_smb,one-year,36,1852.26,0.8681046722495326
C001191,B_smb,month-to-month,35,1745.43,1.0150410893360562
C001192,C_individual,one-year,37,441.92,0.9224370499645907
C001193,C_individual,month-to-month,45,424.94,1.1910496866309737
C001194,C_individual,one-year,41,261.07,0.9838746634001515
C001195,B_smb,two-year,20,965.72,0.9933203938708994
C001196,B_smb,month-to-month,26,1149.35,0.9729727655094499
C001197,C_individual,two-year,31,272.01,1.0556596215864285
C001198,B_smb,one-year,41,1572.43,1.2236364645807998
C001199,C_individual,one-year,18,506.17,0.8440335899573004
C001200,C_individual,month-to-month,15,491.52,1.0416714610698388
C001201,C_individual,month-to-month,35,450.98,0.764682951749323
C001202,C_individual,month-to-month,45,318.92,1.1834812365051248
C001203,C_individual,two-year,43,372.04,0.9837793478610173
C001204,A_enterprise,one-year,7,5638.65,0.7757631000308512
C001205,A_enterprise,month-to-month,44,5933.48,0.8086340291027663
C001206,C_individual,one-year,37,472.65,1.1220835085638723
C001207,B_smb,month-to-month,7,1292.27,0.7503052080209193
C001208,B_smb,month-to-month,0,1370.44,1.0417433010761812
C001209,B_smb,one-year,9,1608.09,0.9357180266452844
C001210,C_individual,one-year,44,254.68,0.9707862300905659
C001211,C_individual,one-year,36,458.08,0.8989230973954608
C001212,C_individual,one-year,27,267.4,0.8570725079289261
C001213,B_smb,one-year,30,1491.97,0.9268845049841261
C001214,B_smb,two-year,19,1372.73,1.0857955252508726
C001215,C_individual,month-to-month,43,785.63,0.9561124526448124
C001216,B_smb,one-year,7,987.69,1.063184905752911
C001217,C_individual,one-year,15,617.05,0.9636640247002662
C001218,C_individual,month-to-month,9,523.01,1.0916867020912642
C001219,A_enterprise,month-to-month,40,5145.19,1.0622413372918937
C001220,A_enterprise,month-to-month,25,4705.38,0.9188918726096019
C001221,B_smb,month-to-month,32,1202.08,0.8569483525423955
C001222,C_individual,one-year,44,506.46,1.1433478952441052
C001223,C_individual,month-to-month,9,591.25,0.8779917191077794
C001224,B_smb,one-year,46,1472.2,1.075117746219621
C001225,C_individual,month-to-month,6,599.13,1.0046639289482757
C001226,B_smb,month-to-month,36,1550.45,0.9305406093380447
C001227,B_smb,month-to-month,33,1102.34,1.064420074043951
C001228,C_individual,month-to-month,39,425.01,1.2051817207868103
C001229,A_enterprise,two-year,7,3819.03,1.0938267851751344
C001230,B_smb,month-to-month,46,1353.04,1.0193934531514268
C001231,C_individual,month-to-month,38,403.93,1.2432220972191992
C001232,B_smb,month-to-month,5,1468.01,0.7488599106289089
C001233,C_individual,month-to-month,26,353.04,0.8331691268338747
C001234,B_smb,one-year,39,1432.74,0.9303324524571192
C001235,A_enterprise,one-year,22,4031.83,1.2128985053860744
C001236,B_smb,month-to-month,18,1419.82,1.1414256617599705
C001237,B_smb,one-year,13,1453.2,0.7425570767927347
C001238,B_smb,month-to-month,24,1088.0,0.9345437325938928
C001239,A_enterprise,two-year,47,5600.51,0.8014260093216349
C001240,C_individual,one-year,29,310.15,0.9939323978577168
C001241,B_smb,month-to-month,34,1572.69,1.1352748556554404
C001242,B_smb,one-year,37,1069.18,1.1463480697228394
C001243,A_enterprise,two-year,37,4664.18,1.0402013278435531
C001244,B_smb,month-to-month,19,666.43,0.9362469491854359
C001245,B_smb,two-year,36,1902.33,0.9856900494391111
C001246,C_individual,two-year,15,619.58,1.1024920001652558
C001247,B_smb,month-to-month,28,1040.02,1.352095516781309
C001248,C_individual,one-year,14,464.49,0.8222350727536438
C001249,C_individual,one-year,45,490.83,1.2383273975724398
C001250,A_enterprise,one-year,35,2958.12,1.0366084213451152
C001251,A_enterprise,one-year,28,4552.83,1.1230379876197092
C001252,A_enterprise,two-year,21,3903.59,1.027774893315102
C001253,C_individual,one-year,24,537.98,1.2106290540462443
C001254,A_enterprise,one-year,37,5777.55,1.0494522151232608
C001255,C_individual,month-to-month,13,590.59,0.9026857378533838
C001256,C_individual,month-to-month,39,300.11,1.0675171173459876
C001257,C_individual,two-year,13,362.48,1.1690162556588632
C001258,C_individual,one-year,6,497.05,1.000032118262351
C001259,C_individual,month-to-month,35,336.66,0.6888878874076229
C001260,A_enterprise,two-year,34,4324.32,0.9827599294369548
C001261,B_smb,two-year,16,1208.18,1.0147075459023889
C001262,B_smb,one-year,31,1761.05,0.993260790820398
C001263,C_individual,month-to-month,34,434.53,0.9256783366932019
C001264,C_individual,one-year,37,515.78,1.1984525296136264
C001265,C_individual,month-to-month,45,498.4,0.644054831761394
C001266,B_smb,month-to-month,41,1537.36,1.0140965959641126
C001267,C_individual,one-year,21,466.32,1.0161972585696106
C001268,B_smb,two-year,11,1427.46,1.3142279873430174
C001269,B_smb,month-to-month,4,1096.6,0.9978346782479325
C001270,C_individual,two-year,27,542.77,1.066844335555071
C001271,B_smb,two-year,31,1230.03,1.0187518770163146
C001272,B_smb,month-to-month,33,1367.02,1.0141642335799226
C001273,C_individual,month-to-month,0,593.51,1.264443845023252
C001274,A_enterprise,one-year,33,4148.77,0.8332519692176084
C001275,B_smb,one-year,37,1246.91,0.8999192807625991
C001276,B_smb,month-to-month,34,1542.75,1.1131257250956998
C001277,A_enterprise,one-year,25,4775.05,1.0385260549624427
C001278,C_individual,one-year,0,361.54,0.957515688705773
C001279,C_individual,one-year,23,382.1,0.9894163407083235
C001280,B_smb,one-year,30,1103.14,1.1370886943349907
C001281,B_smb,month-to-month,27,1971.82,1.0727634536189832
C001282,B_smb,month-to-month,27,940.93,0.8930555803100396
C001283,C_individual,month-to-month,24,322.54,1.0356664519490293
C001284,C_individual,two-year,26,535.6,0.9925296213263475
C001285,C_individual,two-year,15,248.26,1.0705632556664482
C001286,B_smb,one-year,29,1804.03,0.9518383138033878
C001287,B_smb,month-to-month,13,1595.74,0.8187538121618206
C001288,B_smb,one-year,23,1397.84,1.1008556529506448
C001289,C_individual,month-to-month,19,286.25,1.0822928766262998
C001290,B_smb,month-to-month,34,764.2,1.2122948514577692
C001291,C_individual,month-to-month,42,516.45,0.8025656568067376
C001292,C_individual,two-year,30,370.5,0.9894426694306372
C001293,B_smb,month-to-month,6,1469.5,0.9654399710069139
C001294,B_smb,one-year,32,2139.76,0.9405676759947819
C001295,B_smb,two-year,15,1484.29,0.7688470155396034
C001296,A_enterprise,one-year,2,4059.8,0.8400573084978042
C001297,B_smb,month-to-month,9,1749.49,1.0405781948394213
C001298,C_individual,two-year,47,471.46,0.925037584030257
C001299,B_smb,one-year,20,1374.19,0.8760385432281628
C001300,B_smb,month-to-month,9,1375.64,1.2145593786337234
C001301,C_individual,one-year,6,392.22,1.3560581648650039
C001302,C_individual,two-year,31,399.5,0.9915354981172455
C001303,B_smb,month-to-month,36,1348.9,0.7746733004300872
C001304,C_individual,one-year,16,389.77,1.0594606618775444
C001305,C_individual,month-to-month,4,578.62,0.6871944188190043
C001306,C_individual,month-to-month,17,299.06,0.7974747672154334
C001307,C_individual,one-year,31,445.54,1.0620473388728455
C001308,A_enterprise,month-to-month,5,4043.19,0.7924398696925867
C001309,C_individual,month-to-month,12,435.04,0.9555949218563369
C001310,B_smb,month-to-month,0,1449.1,0.7774558725511644
C001311,C_individual,month-to-month,22,269.53,1.008438927180319
C001312,C_individual,month-to-month,8,518.15,1.1684860737638825
C001313,A_enterprise,one-year,9,3892.8,0.908072696863651
C001314,A_enterprise,month-to-month,5,3627.09,0.9970875372351281
C001315,C_individual,month-to-month,35,288.28,0.8776231061780704
C001316,C_individual,two-year,23,410.15,0.8881316000390298
C001317,A_enterprise,two-year,45,4697.92,0.8752944073216512
C001318,C_individual,month-to-month,18,646.59,1.1178895199646603
C001319,C_individual,month-to-month,10,478.96,0.7879747072950837
C001320,B_smb,month-to-month,9,1747.34,0.950221889444062
C001321,B_smb,month-to-month,45,1388.22,1.0614725314695657
C001322,A_enterprise,month-to-month,28,2457.27,1.1364697574594045
C001323,C_individual,two-year,15,646.59,1.0660911063432261
C001324,B_smb,one-year,31,1241.2,0.9891049812569509
C001325,C_individual,month-to-month,26,292.56,0.9146666562789552
C001326,B_smb,two-year,5,1672.16,1.1387974520240411
C001327,C_individual,month-to-month,33,463.02,0.8699163510735436
C001328,B_smb,month-to-month,5,926.25,0.8721694889616411
C001329,B_smb,month-to-month,9,956.67,1.2028748695336553
C001330,C_individual,month-to-month,34,392.13,1.054039261050615
C001331,B_smb,two-year,21,1175.96,1.0593409693328077
C001332,C_individual,month-to-month,10,377.97,1.0897823864743603
C001333,C_individual,one-year,3,477.8,0.9857717561423465
C001334,C_individual,month-to-month,28,615.88,0.7843460391809048
C001335,C_individual,two-year,33,463.78,1.037674987899018
C001336,B_smb,one-year,9,1544.14,0.9972648584333327
C001337,C_individual,month-to-month,19,321.13,0.8711391122004113
C001338,C_individual,month-to-month,16,595.06,0.8366422102960099
C001339,B_smb,two-year,42,1451.38,0.9930194236931449
C001340,A_enterprise,one-year,37,4121.96,0.7963300462394589
C001341,C_individual,month-to-month,13,169.33,0.9784888004958178
C001342,B_smb,two-year,24,1292.43,0.9603940299584918
C001343,C_individual,month-to-month,44,401.87,0.9821275398893523
C001344,C_individual,month-to-month,16,230.88,1.0603983856313706
C001345,C_individual,one-year,6,568.75,1.0932931817823175
C001346,B_smb,month-to-month,14,1383.38,0.8932754508093992
C001347,B_smb,month-to-month,29,881.03,1.130468727031304
C001348,B_smb,month-to-month,47,1379.7,0.9670943922891385
C001349,A_enterprise,month-to-month,14,2863.43,1.2629952078235824
C001350,C_individual,month-to-month,2,614.32,0.9121868631564278
C001351,C_individual,month-to-month,8,643.27,0.7583004940020404
C001352,B_smb,two-year,19,1306.39,1.12504631016825
C001353,B_smb,one-year,4,1660.43,1.0638431370670869
C001354,C_individual,month-to-month,1,191.36,1.1802492248582368
C001355,A_enterprise,month-to-month,31,2437.97,1.0464465712286013
C001356,C_individual,one-year,39,333.2,1.3510013362698108
C001357,B_smb,month-to-month,11,1079.0,0.9716667987243567
C001358,C_individual,month-to-month,25,381.86,1.1569452798558426
C001359,B_smb,one-year,27,1706.37,0.9211813921770676
C001360,C_individual,month-to-month,32,382.62,1.0737664789501005
C001361,B_smb,one-year,47,1390.13,1.1017033660594087
C001362,C_individual,two-year,42,382.57,1.1248844184362454
C001363,A_enterprise,two-year,15,3921.41,1.116448986496473
C001364,B_smb,month-to-month,46,1221.64,0.5144897506805184
C001365,C_individual,month-to-month,1,462.51,0.9896984116377097
C001366,B_smb,month-to-month,46,1293.43,0.9137338540183855
C001367,A_enterprise,one-year,6,4525.83,0.9433172149290282
C001368,B_smb,two-year,5,1306.77,0.95748853378447
C001369,B_smb,two-year,5,727.75,1.1466210999942217
C001370,A_enterprise,month-to-month,5,3737.56,1.030386881945206
C001371,C_individual,two-year,22,458.29,0.9238715106114903
C001372,B_smb,one-year,30,839.96,0.7797602829487517
C001373,C_individual,two-year,35,523.78,1.2299586490303953
C001374,C_individual,one-year,0,454.03,0.9029023003321046
C001375,A_enterprise,month-to-month,14,4224.74,0.9803940330386165
C001376,C_individual,month-to-month,6,642.56,1.320830332705899
C001377,C_individual,two-year,7,362.78,0.906983863347062
C001378,C_individual,month-to-month,35,523.62,0.958648115848713
C001379,B_smb,month-to-month,30,1211.58,1.0348268925738549
C001380,B_smb,month-to-month,10,1385.75,0.7591080247469336
C001381,A_enterprise,month-to-month,14,4433.22,0.7417301649139518
C001382,C_individual,two-year,44,400.44,0.9277580197092524
C001383,C_individual,month-to-month,27,379.93,0.9329495331254043
C001384,C_individual,month-to-month,11,377.55,1.020133932296118
C001385,A_enterprise,one-year,44,3604.75,0.8533008501543521
C001386,C_individual,one-year,9,437.46,1.0650970648650493
C001387,B_smb,month-to-month,13,850.37,0.6764924625934107
C001388,C_individual,month-to-month,33,502.28,0.9894562900017996
C001389,A_enterprise,month-to-month,24,5488.92,1.0540264460765227
C001390,C_individual,month-to-month,3,470.29,1.0492666360782743
C001391,C_individual,month-to-month,38,417.18,0.9755835265427909
C001392,A_enterprise,month-to-month,10,4221.34,0.9009492113401163
C001393,A_enterprise,one-year,33,4492.81,0.9712194393734979
C001394,C_individual,two-year,16,543.55,1.1850938858005995
C001395,B_smb,two-year,36,1252.24,0.910079884645087
C001396,C_individual,month-to-month,43,495.06,1.1467166106518152
C001397,C_individual,month-to-month,37,293.24,1.1705866998847616
C001398,C_individual,two-year,44,535.45,0.7396162260612988
C001399,B_smb,one-year,25,1070.77,0.9807773508946961
C001400,B_smb,one-year,3,1985.3,0.8533387415204488
C001401,A_enterprise,month-to-month,25,2880.07,0.7747249218724482
C001402,C_individual,month-to-month,22,303.85,1.1188046256991728
C001403,B_smb,one-year,34,1178.18,1.0709984378400084
C001404,B_smb,one-year,11,1464.57,1.0395189109716638
C001405,B_smb,month-to-month,33,1914.53,0.8371754617322089
C001406,C_individual,two-year,21,184.9,1.0315696394461225
C001407,A_enterprise,one-year,32,3890.75,0.8034305218099373
C001408,C_individual,one-year,20,316.29,1.0115892913260254
C001409,C_individual,month-to-month,18,547.78,0.9007673741380708
C001410,C_individual,one-year,10,399.47,1.15761862282487
C001411,C_individual,one-year,39,417.12,0.9455282513757014
C001412,C_individual,month-to-month,3,593.68,1.0346863240619277
C001413,C_individual,one-year,11,524.13,1.0350052035933668
C001414,A_enterprise,one-year,20,4192.56,0.9886300581919346
C001415,C_individual,two-year,7,318.09,1.0157998134515487
C001416,C_individual,month-to-month,44,235.98,1.0455670360051779
C001417,C_individual,two-year,16,762.39,0.8655408958475382
C001418,C_individual,month-to-month,11,346.48,1.0604409011442044
C001419,C_individual,month-to-month,12,590.38,1.1295796244721774
C001420,C_individual,month-to-month,9,386.13,1.0596022065153765
C001421,B_smb,month-to-month,31,1316.68,0.9468739883396026
C001422,B_smb,month-to-month,23,1310.76,1.0261602495742077
C001423,B_smb,month-to-month,11,1349.28,0.9454358241539043
C001424,B_smb,one-year,41,1617.76,0.9821890114343489
C001425,B_smb,month-to-month,31,1449.65,0.8218469010459475
C001426,A_enterprise,two-year,19,4263.51,1.2070099025798222
C001427,A_enterprise,month-to-month,24,4611.56,1.2903231306452771
C001428,C_individual,one-year,31,306.34,0.8944103798919196
C001429,B_smb,two-year,7,1490.67,1.1179256410947178
C001430,C_individual,two-year,38,417.06,1.2186802281577016
C001431,C_individual,one-year,12,448.58,0.8563559396387763
C001432,A_enterprise,one-year,1,5114.0,0.6762350901465717
C001433,B_smb,month-to-month,25,1389.13,1.227519900406026
C001434,B_smb,month-to-month,42,1165.89,0.9984513063671467
C001435,C_individual,month-to-month,35,374.17,0.9220763961528354
C001436,B_smb,month-to-month,14,1255.31,1.0071009105197977
C001437,C_individual,month-to-month,19,405.93,0.9446381238209559
C001438,C_individual,month-to-month,28,479.85,1.4439186577139627
C001439,C_individual,two-year,11,382.17,0.9203938701731018
C001440,B_smb,two-year,39,1070.12,1.0490988118462696
C001441,A_enterprise,two-year,14,4113.37,1.1938368824732215
C001442,B_smb,one-year,10,2126.66,1.1931140794506456
C001443,A_enterprise,month-to-month,4,5251.84,1.1643981773367993
C001444,B_smb,month-to-month,33,1767.81,0.9361486361901247
C001445,C_individual,one-year,1,679.42,0.9771852036343209
C001446,C_individual,one-year,38,469.53,0.6738303029650292
C001447,C_individual,month-to-month,46,431.22,0.988825684544616
C001448,C_individual,month-to-month,5,509.9,1.0049210066397858
C001449,B_smb,month-to-month,4,1654.01,1.111258480541869
C001450,C_individual,month-to-month,44,480.33,1.2693231044465236
C001451,C_individual,month-to-month,5,183.18,1.1066964465999507
C001452,C_individual,month-to-month,19,501.85,1.1605967731623386
C001453,C_individual,one-year,41,344.49,0.9973800940856081
C001454,B_smb,two-year,6,1386.92,1.192644634543566
C001455,A_enterprise,one-year,31,4197.02,1.0016698493218923
C001456,B_smb,one-year,18,1921.99,1.1710909298405414
C001457,B_smb,two-year,20,1038.44,1.1206749414532773
C001458,C_individual,month-to-month,44,342.16,1.0589088605494328
C001459,B_smb,one-year,31,1289.53,0.7688906469796442
C001460,C_individual,month-to-month,15,343.78,1.1640020500400263
C001461,C_individual,one-year,44,433.79,1.056720344826991
C001462,B_smb,month-to-month,27,1523.83,1.1053862517814677
C001463,B_smb,two-year,4,1352.35,1.0470311986347145
C001464,C_individual,two-year,18,281.48,1.07288953775888
C001465,C_individual,month-to-month,11,549.23,1.195098097891709
C001466,B_smb,month-to-month,30,1117.17,0.9289114690694442
C001467,B_smb,month-to-month,41,1425.16,1.0701457849571152
C001468,C_individual,one-year,1,445.65,0.883384747169527
C001469,B_smb,one-year,37,998.9,1.086502020186088
C001470,C_individual,month-to-month,43,450.23,1.0376930696086313
C001471,B_smb,two-year,47,1221.95,0.905354689503017
C001472,A_enterprise,month-to-month,31,4453.87,1.0140495908400446
C001473,B_smb,month-to-month,15,1389.37,0.9146936023397227
C001474,C_individual,month-to-month,6,436.3,0.943299860522734
C001475,C_individual,one-year,45,315.45,1.0532210397763249
C001476,B_smb,month-to-month,19,1361.8,1.0402598289432792
C001477,C_individual,month-to-month,16,736.22,0.711928259710897
C001478,B_smb,month-to-month,35,1243.07,1.0555733180643396
C001479,B_smb,two-year,34,1540.52,0.9545000375041524
C001480,B_smb,one-year,38,1080.94,0.9378538088416074
C001481,A_enterprise,two-year,42,2756.31,0.8309267635566381
C001482,C_individual,one-year,42,314.1,0.9931913047759914
C001483,B_smb,one-year,8,1094.68,0.9215473591043651
C001484,C_individual,month-to-month,8,671.3,1.1910284191457265
C001485,A_enterprise,one-year,9,3738.89,0.7375853197527364
C001486,C_individual,month-to-month,30,456.07,0.8554114614912243
C001487,B_smb,month-to-month,27,1338.26,0.8452552044071322
C001488,C_individual,month-to-month,41,472.8,1.03879866127098
C001489,B_smb,month-to-month,40,1142.71,1.1759691946717141
C001490,A_enterprise,two-year,39,3114.63,1.075468267976377
C001491,C_individual,two-year,3,306.03,0.8358029321015246
C001492,C_individual,one-year,33,605.15,0.935615344501243
C001493,C_individual,month-to-month,40,251.77,0.8786234918883907
C001494,B_smb,two-year,47,678.64,1.0761596985851118
C001495,C_individual,one-year,16,204.29,0.9325644639678966
C001496,C_individual,month-to-month,37,343.2,0.7880802977132694
C001497,C_individual,one-year,19,394.86,1.0877059779091331
C001498,B_smb,one-year,7,1243.29,1.1894887800351692
C001499,C_individual,month-to-month,16,423.36,0.9731991328449459
C001500,C_individual,one-year,12,400.73,1.018060056750957
C001501,C_individual,one-year,43,485.99,0.7740548186635292
C001502,B_smb,month-to-month,8,1563.6,0.6911143524245719
C001503,B_smb,month-to-month,6,1514.07,0.7226374500143287
C001504,C_individual,one-year,27,379.08,0.9932917300808408
C001505,C_individual,one-year,27,499.65,0.9538087005623769
C001506,C_individual,two-year,26,549.17,1.0819348911669653
C001507,B_smb,two-year,7,1757.14,0.9703520238803517
C001508,B_smb,one-year,23,1796.39,1.1481642755109673
C001509,C_individual,one-year,44,389.9,1.1308399897052854
C001510,A_enterprise,one-year,4,3050.41,0.9516310112697983
C001511,B_smb,one-year,38,2164.12,0.8494841689064067
C001512,C_individual,month-to-month,6,433.17,0.7125757974388977
C001513,C_individual,one-year,11,311.33,1.215035357973941
C001514,C_individual,one-year,43,673.64,0.8586210992642146
C001515,B_smb,one-year,14,1061.07,0.7755349099333796
C001516,A_enterprise,two-year,25,2928.79,1.019478610462939
C001517,C_individual,one-year,18,399.56,0.7768687996493466
C001518,B_smb,month-to-month,29,1675.88,1.019327693583222
C001519,B_smb,month-to-month,19,1747.87,0.9495533736191583
C001520,B_smb,month-to-month,21,1581.0,1.138551841374834
C001521,C_individual,month-to-month,39,450.49,1.125504449802711
C001522,C_individual,month-to-month,26,348.92,1.1654983905316791
C001523,C_individual,month-to-month,27,412.13,1.030939259176238
C001524,C_individual,month-to-month,38,544.46,0.8712490015399712
C001525,B_smb,month-to-month,20,1640.81,0.8444671243066283
C001526,B_smb,one-year,39,1328.75,0.9203955140173053
C001527,B_smb,one-year,34,1222.98,1.299141227389266
C001528,A_enterprise,month-to-month,42,4659.43,0.9626217903010522
C001529,B_smb,month-to-month,21,1764.61,1.024152324460014
C001530,B_smb,month-to-month,26,1383.69,1.2277893610575163
C001531,A_enterprise,month-to-month,6,4100.02,1.0381919693322827
C001532,C_individual,month-to-month,5,295.6,0.8877022990179799
C001533,C_individual,month-to-month,5,629.97,1.1095236512238023
C001534,A_enterprise,month-to-month,30,3493.04,0.9357286287120778
C001535,B_smb,two-year,15,2022.35,1.0433687885411842
C001536,C_individual,one-year,13,431.24,1.0768235277615061
C001537,C_individual,two-year,28,431.55,0.9258542201727874
C001538,C_individual,month-to-month,19,411.62,1.0279557349164936
C001539,B_smb,month-to-month,6,1858.27,1.2400069302793233
C001540,C_individual,two-year,26,454.27,0.9060197899400979
C001541,B_smb,month-to-month,26,1651.0,1.1975338874484005
C001542,B_smb,one-year,6,1034.09,0.9114254802811094
C001543,B_smb,two-year,12,1504.52,1.270310321240078
C001544,B_smb,one-year,11,1079.26,0.8716771076535229
C001545,B_smb,month-to-month,33,1477.13,0.9409216446073632
C001546,B_smb,one-year,11,944.48,1.2262383662300715
C001547,C_individual,month-to-month,1,511.57,1.2328349126299742
C001548,B_smb,month-to-month,12,1728.68,1.122763999015282
C001549,B_smb,month-to-month,22,1564.27,0.83772257472153
C001550,A_enterprise,two-year,36,6180.41,1.0123613856957077
C001551,B_smb,one-year,2,830.48,1.000187297883547
C001552,B_smb,month-to-month,42,1549.08,0.8716280360997081
C001553,B_smb,month-to-month,15,1874.36,1.1045255748178366
C001554,B_smb,one-year,16,1110.82,0.8834960354405131
C001555,C_individual,two-year,0,711.18,0.8064115918788104
C001556,C_individual,month-to-month,13,372.94,0.7568698677568396
C001557,B_smb,month-to-month,22,812.39,1.256844292704164
C001558,C_individual,two-year,30,548.07,0.923427508920128
C001559,C_individual,two-year,36,562.83,0.9265742167719008
C001560,C_individual,two-year,25,355.11,0.8453995351806131
C001561,C_individual,month-to-month,4,508.18,1.2051887094601652
C001562,C_individual,month-to-month,18,776.9,0.7929624647497115
C001563,C_individual,month-to-month,35,462.56,0.8193799323764259
C001564,C_individual,month-to-month,30,560.82,0.951725784885559
C001565,B_smb,two-year,28,1357.1,0.9967649776767379
C001566,A_enterprise,month-to-month,24,5473.78,1.098795287566609
C001567,A_enterprise,one-year,24,4202.64,0.8986607194588702
C001568,B_smb,two-year,47,1452.39,1.2316500715585732
C001569,B_smb,two-year,28,1490.77,0.8996818397210086
C001570,B_smb,one-year,28,1475.77,0.8487128582504546
C001571,C_individual,two-year,16,396.43,0.8344337106557373
C001572,C_individual,month-to-month,23,223.76,0.883916312861981
C001573,C_individual,month-to-month,34,257.64,0.8247186325462198
C001574,A_enterprise,month-to-month,41,3783.12,1.112635715399859
C001575,B_smb,two-year,37,1116.94,0.8498737396211588
C001576,C_individual,two-year,31,325.0,0.9800756665214365
C001577,C_individual,month-to-month,37,636.89,0.8455675986554243
C001578,C_individual,month-to-month,1,316.8,0.8238308385956141
C001579,C_individual,month-to-month,12,480.87,1.1659804769134212
C001580,C_individual,month-to-month,11,400.17,1.2404163368715284
C001581,B_smb,two-year,31,1594.8,1.1903501812904407
C001582,B_smb,month-to-month,36,1398.82,0.7792996233999494
C001583,B_smb,one-year,7,1551.35,0.8001119084219104
C001584,C_individual,one-year,9,534.94,1.2967568613878742
C001585,C_individual,month-to-month,23,519.62,0.961850091993745
C001586,B_smb,month-to-month,46,1247.49,0.7937807083991427
C001587,C_individual,two-year,0,586.14,1.1623355508017505
C001588,B_smb,one-year,42,1494.99,1.0101077563283387
C001589,B_smb,month-to-month,9,1630.22,1.0854245583498587
C001590,B_smb,month-to-month,12,1232.23,0.6643164493888267
C001591,A_enterprise,two-year,30,6397.1,0.9510587694694289
C001592,C_individual,two-year,34,391.83,1.1423205120993447
C001593,B_smb,two-year,41,1601.22,0.9039456852708291
C001594,C_individual,one-year,0,644.26,1.1852500550598875
C001595,C_individual,two-year,2,294.57,0.8024867384505124
C001596,B_smb,month-to-month,22,1332.06,0.9831129600226388
C001597,B_smb,one-year,26,1368.3,1.2467382224485315
C001598,C_individual,month-to-month,12,530.92,0.8273711481528557
C001599,B_smb,one-year,30,1520.83,1.0407215752657153
C001600,C_individual,two-year,12,454.62,1.0877649646770684
C001601,A_enterprise,two-year,44,4366.84,1.0137105768554378
C001602,C_individual,one-year,8,604.98,0.9624927977664912
C001603,C_individual,one-year,31,458.73,0.8685522429178522
C001604,B_smb,two-year,25,1418.48,1.0294819381419964
C001605,B_smb,two-year,4,787.6,0.9846014760983756
C001606,C_individual,one-year,29,299.83,0.7845557654023723
C001607,B_smb,month-to-month,7,1264.16,1.1649771179750954
C001608,B_smb,month-to-month,25,1471.94,0.8634924024071465
C001609,B_smb,two-year,30,1982.55,0.7884526621740924
C001610,B_smb,one-year,3,1416.44,0.9106477215971303
C001611,C_individual,one-year,10,351.45,0.8660920746412828
C001612,C_individual,one-year,14,313.08,0.9612638603567748
C001613,B_smb,month-to-month,44,1478.69,0.8136323298474437
C001614,C_individual,month-to-month,10,512.69,1.0671957106405094
C001615,B_smb,two-year,44,1887.34,1.2071576161738196
C001616,A_enterprise,month-to-month,25,5974.97,1.0158797387477592
C001617,C_individual,one-year,45,447.29,0.7833571630103026
C001618,C_individual,one-year,39,468.52,0.8630170486853832
C001619,A_enterprise,two-year,14,4623.01,1.0331920143255722
C001620,B_smb,month-to-month,26,1131.22,0.7049569484549962
C001621,C_individual,one-year,34,497.8,0.815082680747177
C001622,C_individual,month-to-month,3,560.65,0.7528744256323356
C001623,A_enterprise,month-to-month,31,3560.98,1.0173143889465908
C001624,B_smb,month-to-month,22,1577.97,1.3243268917404765
C001625,C_individual,month-to-month,1,631.22,0.8108518232687825
C001626,B_smb,two-year,41,1278.02,1.1224494561787437
C001627,B_smb,two-year,12,1868.83,0.9154185448163268
C001628,B_smb,month-to-month,41,903.22,0.8019740745427275
C001629,B_smb,two-year,9,1040.96,1.23461932524088
C001630,B_smb,one-year,25,1355.98,1.3239766526325596
C001631,C_individual,one-year,17,376.4,1.061779378343927
C001632,C_individual,two-year,42,313.22,1.0543765957729707
C001633,C_individual,one-year,45,491.28,1.0093405892749554
C001634,C_individual,month-to-month,36,492.46,0.9777630355204036
C001635,B_smb,month-to-month,40,1292.31,1.051011809044306
C001636,B_smb,month-to-month,36,1483.53,1.101417762657252
C001637,C_individual,two-year,14,669.02,1.2495010950474286
C001638,B_smb,one-year,44,1368.19,0.9215900062224405
C001639,C_individual,month-to-month,25,504.52,1.0191079826670866
C001640,C_individual,month-to-month,16,370.29,0.9867321766153945
C001641,A_enterprise,two-year,9,4090.82,1.1536093007318304
C001642,B_smb,month-to-month,34,1912.34,1.3600121137521428
C001643,B_smb,one-year,13,1719.37,1.158784667543743
C001644,B_smb,one-year,31,1499.51,1.1197365865838336
C001645,B_smb,month-to-month,3,1207.54,1.1361811610203894
C001646,B_smb,month-to-month,30,1313.92,1.190113404243796
C001647,C_individual,month-to-month,30,291.17,1.362167091861706
C001648,C_individual,month-to-month,25,426.06,0.7471922127375222
C001649,C_individual,one-year,31,348.24,1.089939241006478
C001650,B_smb,two-year,47,1620.23,0.6128185532859182
C001651,B_smb,month-to-month,40,1058.52,1.1427030254524686
C001652,B_smb,one-year,21,1527.02,1.0826556931527942
C001653,A_enterprise,month-to-month,41,4603.83,0.9179759543718856
C001654,C_individual,month-to-month,45,573.29,0.5994954015233379
C001655,B_smb,one-year,7,1426.09,0.9978407843649464
C001656,B_smb,one-year,17,1214.77,1.0334263379145552
C001657,C_individual,one-year,35,481.87,0.990533823617265
C001658,B_smb,month-to-month,24,1600.94,0.9067858038923859
C001659,A_enterprise,one-year,6,3869.46,0.8654817235088387
C001660,B_smb,month-to-month,22,1421.78,0.9922321880375544
C001661,C_individual,two-year,17,525.69,0.8797185151254976
C001662,C_individual,one-year,35,394.44,1.1213950463798734
C001663,B_smb,two-year,24,1390.77,0.9881945894090661
C001664,C_individual,month-to-month,6,366.73,0.7413001105861456
C001665,C_individual,month-to-month,2,374.37,1.0265049199983272
C001666,C_individual,one-year,13,543.01,1.0621287195741045
C001667,B_smb,month-to-month,7,1604.12,1.24269818118107
C001668,A_enterprise,one-year,42,5225.0,1.1392208596737439
C001669,C_individual,one-year,13,408.28,0.8651963666575363
C001670,B_smb,two-year,30,1235.3,1.213873969196958
C001671,C_individual,month-to-month,6,229.75,0.7920951736322204
C001672,C_individual,two-year,21,359.07,1.0042250410374962
C001673,A_enterprise,month-to-month,44,3358.75,1.1131102148782765
C001674,C_individual,month-to-month,30,451.42,1.218804319065749
C001675,C_individual,one-year,13,580.63,1.2833351525240662
C001676,C_individual,month-to-month,35,507.26,1.1912085697020232
C001677,B_smb,two-year,24,1369.48,0.9795078087733684
C001678,C_individual,two-year,11,365.21,1.0869507838254053
C001679,C_individual,two-year,47,359.54,1.0336606013358254
C001680,C_individual,two-year,45,689.95,0.893584767429761
C001681,C_individual,one-year,27,458.17,0.9826562151045312
C001682,C_individual,month-to-month,1,473.97,1.2696730699210867
C001683,B_smb,two-year,19,1618.64,1.096924238540894
C001684,A_enterprise,month-to-month,24,4439.48,1.3089051381307346
C001685,B_smb,two-year,44,1475.68,0.8376252134112037
C001686,C_individual,month-to-month,35,390.22,0.9427663676369196
C001687,C_individual,one-year,10,465.97,1.0622887743867027
C001688,C_individual,month-to-month,24,464.39,1.1113536789201965
C001689,B_smb,month-to-month,8,1437.28,0.9824823871416427
C001690,C_individual,month-to-month,22,225.7,1.1200751280173213
C001691,C_individual,month-to-month,25,317.37,1.118943709762216
C001692,B_smb,month-to-month,24,1662.27,0.79181156418847
C001693,C_individual,month-to-month,20,372.31,1.1130162362484801
C001694,C_individual,month-to-month,20,412.77,1.1609896567063114
C001695,C_individual,one-year,38,463.08,1.0444232594964291
C001696,B_smb,month-to-month,24,945.08,0.7240058040458329
C001697,C_individual,two-year,2,473.07,0.958474556384985
C001698,C_individual,month-to-month,35,515.28,1.0656910351465259
C001699,C_individual,one-year,29,457.81,0.8701443055099385
C001700,C_individual,month-to-month,33,536.49,1.1377461776656683
C001701,C_individual,one-year,34,189.25,1.1094385352720455
C001702,B_smb,one-year,8,1789.3,1.0201730015325396
C001703,C_individual,one-year,46,557.08,1.002616020246227
C001704,B_smb,month-to-month,47,1745.4,1.0289329561515033
C001705,C_individual,one-year,6,329.99,0.9993910745934205
C001706,A_enterprise,month-to-month,10,3025.12,0.8071768778898031
C001707,B_smb,month-to-month,11,1501.96,0.9354839628882641
C001708,C_individual,month-to-month,46,385.84,1.0108713351293874
C001709,B_smb,one-year,44,1160.15,1.2127904244179397
C001710,C_individual,month-to-month,12,484.38,1.103806592126224
C001711,B_smb,one-year,30,1060.6,1.2208476956829664
C001712,C_individual,month-to-month,11,277.26,0.7892567357790297
C001713,C_individual,month-to-month,1,498.67,0.9465734104719138
C001714,B_smb,month-to-month,11,1409.39,1.3110787183848347
C001715,C_individual,month-to-month,3,708.31,0.8885547702647671
C001716,B_smb,one-year,40,1731.69,0.8855608442626255
C001717,C_individual,two-year,37,517.2,0.9592367998122976
C001718,C_individual,one-year,8,479.84,1.3027167615397017
C001719,C_individual,month-to-month,27,584.59,0.8992713722207426
C001720,A_enterprise,month-to-month,9,4374.23,1.0836226719111057
C001721,B_smb,two-year,27,885.41,1.058805107541354
C001722,C_individual,month-to-month,43,574.1,0.7107266766188751
C001723,C_individual,month-to-month,42,630.07,0.9976484052692554
C001724,B_smb,two-year,39,1609.18,0.917061221042876
C001725,A_enterprise,month-to-month,11,6041.65,1.1016958019944083
C001726,B_smb,month-to-month,9,1085.48,1.260860535804098
C001727,C_individual,month-to-month,7,508.25,0.9483177494207509
C001728,A_enterprise,one-year,6,4641.08,0.9483113970009653
C001729,B_smb,month-to-month,29,1541.7,1.3776742354873464
C001730,C_individual,one-year,31,227.78,0.8932687730284287
C001731,A_enterprise,month-to-month,42,3728.07,0.7985497524498363
C001732,C_individual,month-to-month,4,422.89,1.206635786453483
C001733,B_smb,month-to-month,12,1630.0,0.9924049691319614
C001734,C_individual,two-year,34,219.75,1.042497915851733
C001735,C_individual,month-to-month,32,520.17,1.33472591415868
C001736,C_individual,one-year,20,553.89,0.7895531414249432
C001737,B_smb,month-to-month,7,1686.17,0.9706806298721464
C001738,C_individual,month-to-month,23,427.68,0.814559673566091
C001739,C_individual,month-to-month,8,390.37,1.050277518674642
C001740,B_smb,one-year,25,1753.78,0.9170494507672631
C001741,B_smb,month-to-month,43,1473.14,0.8240593618128391
C001742,A_enterprise,two-year,9,4140.64,1.1098416182976882
C001743,C_individual,two-year,5,578.97,1.0015493674573852
C001744,C_individual,one-year,35,576.47,0.8122552287241183
C001745,C_individual,one-year,1,429.38,0.8214455504638882
C001746,C_individual,one-year,47,791.05,1.0311712297503615
C001747,C_individual,one-year,37,635.99,0.7493839252733062
C001748,B_smb,month-to-month,19,1179.86,1.0341226402557915
C001749,B_smb,two-year,17,1623.79,1.2009335276056432
C001750,C_individual,two-year,18,211.7,1.1000590442380398
C001751,B_smb,month-to-month,19,1536.41,0.90650123530411
C001752,C_individual,two-year,40,650.84,1.041151040738137
C001753,C_individual,two-year,38,783.76,0.8122635716214808
C001754,B_smb,month-to-month,9,1580.55,1.0204425781053275
C001755,C_individual,two-year,8,490.19,0.9509725713498282
C001756,A_enterprise,month-to-month,25,2760.2,0.8440972885949574
C001757,C_individual,month-to-month,31,687.56,1.0935575053941726
C001758,C_individual,month-to-month,34,332.04,0.7033789103562408
C001759,C_individual,one-year,15,768.66,0.8221280840315944
C001760,B_smb,month-to-month,23,1731.08,0.8401628265719675
C001761,B_smb,two-year,5,1150.57,0.9242788665273529
C001762,B_smb,month-to-month,21,1391.32,1.1949006202200145
C001763,A_enterprise,month-to-month,32,3504.41,1.1131389804508989
C001764,A_enterprise,one-year,14,4300.78,1.015796809430652
C001765,A_enterprise,month-to-month,15,4730.57,1.008724612196681
C001766,C_individual,one-year,22,467.0,0.9982364593611316
C001767,A_enterprise,month-to-month,41,4007.95,1.205773742493768
C001768,A_enterprise,two-year,28,3507.4,0.7276467258107983
C001769,C_individual,one-year,44,531.67,1.1157337057431518
C001770,C_individual,month-to-month,2,620.55,0.9237708752674193
C001771,C_individual,month-to-month,40,377.32,1.0754485477444622
C001772,C_individual,month-to-month,2,497.3,1.0761663944476108
C001773,C_individual,two-year,15,182.49,1.1099867412969178
C001774,C_individual,one-year,20,436.32,1.237547124716413
C001775,C_individual,month-to-month,11,496.41,0.794344683837012
C001776,C_individual,month-to-month,47,507.27,1.1508167052413096
C001777,B_smb,two-year,42,1115.46,0.9904217694656879
C001778,B_smb,month-to-month,27,909.77,0.9308716060035243
C001779,B_smb,one-year,21,1514.86,1.3050643181556558
C001780,B_smb,one-year,36,1001.93,1.105286685917607
C001781,C_individual,month-to-month,33,537.0,0.9374193158107167
C001782,B_smb,one-year,23,1308.55,1.1435968489669446
C001783,B_smb,month-to-month,39,1257.39,0.9930912287451868
C001784,B_smb,month-to-month,9,1552.8,0.9350672724113536
C001785,C_individual,two-year,13,577.78,0.9090869335274022
C001786,B_smb,one-year,0,1743.74,1.0456844763685433
C001787,C_individual,two-year,5,413.0,0.9079192021826074
C001788,C_individual,one-year,9,792.07,1.0233143337075172
C001789,A_enterprise,month-to-month,29,4237.28,1.133052381618105
C001790,C_individual,one-year,41,570.86,1.0165766676656098
C001791,B_smb,one-year,28,1166.51,1.2964751588728949
C001792,B_smb,month-to-month,21,1272.77,1.0019809347161945
C001793,C_individual,month-to-month,12,533.4,1.2023557872036048
C001794,C_individual,one-year,4,328.59,1.1464443126228852
C001795,B_smb,one-year,28,1400.89,1.2287951863319744
C001796,C_individual,month-to-month,6,674.13,1.2958156118207655
C001797,B_smb,two-year,37,1367.9,0.7357994497080107
C001798,C_individual,month-to-month,19,498.22,1.039774644327502
C001799,C_individual,month-to-month,16,490.26,0.983219701060258
C001800,C_individual,month-to-month,1,444.93,1.0167149594449287
C001801,C_individual,two-year,11,242.26,0.94039000807403
C001802,A_enterprise,month-to-month,0,4338.25,0.918481512422225
C001803,C_individual,month-to-month,34,451.39,0.8350618296848118
C001804,C_individual,month-to-month,23,582.46,1.0146074920385397
C001805,C_individual,one-year,37,477.81,1.140102315508795
C001806,A_enterprise,one-year,27,3831.3,0.9259456905550522
C001807,B_smb,month-to-month,45,1421.97,0.9507238728761862
C001808,B_smb,two-year,37,1192.29,0.8952890909136847
C001809,A_enterprise,month-to-month,7,4837.64,0.8508474111357515
C001810,B_smb,month-to-month,5,1318.94,0.9645784393232714
C001811,B_smb,one-year,42,942.36,1.0514824733040071
C001812,C_individual,one-year,12,605.08,1.1886019200655602
C001813,B_smb,month-to-month,36,1457.45,0.8211845260821262
C001814,C_individual,one-year,30,421.63,0.9954423053036737
C001815,C_individual,month-to-month,33,499.66,1.1767204957714557
C001816,C_individual,one-year,12,525.12,0.8231743081559668
C001817,B_smb,one-year,15,1383.23,1.1900524674132122
C001818,B_smb,two-year,26,1770.39,0.9341569232037281
C001819,C_individual,month-to-month,1,297.53,1.1067007683751429
C001820,C_individual,one-year,14,481.42,0.9672900156119281
C001821,B_smb,one-year,24,1390.15,1.0688122805552593
C001822,C_individual,month-to-month,9,524.62,1.2413560188534227
C001823,C_individual,month-to-month,13,181.07,0.9817878838304268
C001824,C_individual,two-year,47,434.81,1.1494750097843576
C001825,A_enterprise,month-to-month,13,3598.69,1.0411955711106369
C001826,C_individual,one-year,43,604.29,0.8820970418315173
C001827,B_smb,month-to-month,44,1698.12,0.9781619183042443
C001828,C_individual,two-year,32,590.96,0.9687843364239406
C001829,B_smb,month-to-month,7,1143.28,0.7882286439652911
C001830,B_smb,two-year,9,1449.46,1.0688557400150638
C001831,C_individual,one-year,44,450.95,1.0986956926626497
C001832,B_smb,month-to-month,0,1532.82,1.1218586238813373
C001833,B_smb,one-year,24,1104.8,1.2144684776773185
C001834,B_smb,one-year,28,920.6,1.143088813841468
C001835,A_enterprise,month-to-month,40,4896.95,0.9095460206844114
C001836,A_enterprise,month-to-month,42,5602.68,0.9414698900603529
C001837,B_smb,one-year,13,1296.41,1.1258136989581173
C001838,C_individual,one-year,24,424.38,1.0584561956754654
C001839,C_individual,month-to-month,30,489.34,0.9973261171963176
C001840,A_enterprise,two-year,46,4277.05,0.868791895755275
C001841,C_individual,month-to-month,26,450.28,0.9203923822964253
C001842,B_smb,month-to-month,5,1822.16,1.0874214116076057
C001843,C_individual,one-year,44,431.3,0.7073729021482635
C001844,B_smb,month-to-month,24,1455.3,0.6490045819127308
C001845,C_individual,month-to-month,8,432.02,1.1040066086268756
C001846,B_smb,one-year,9,1192.32,0.9199779487652731
C001847,C_individual,month-to-month,9,662.85,1.0702805926166976
C001848,B_smb,month-to-month,34,1176.02,1.2365008394319628
C001849,C_individual,one-year,45,202.48,0.8480401303672509
C001850,B_smb,one-year,21,1463.43,0.749561022754506
C001851,C_individual,two-year,4,557.45,0.958540352542418
C001852,C_individual,one-year,42,471.13,0.897279983838438
C001853,C_individual,month-to-month,30,340.34,0.9961961489452946
C001854,C_individual,month-to-month,27,368.61,1.0807048866495708
C001855,C_individual,one-year,2,415.58,1.0490041412365145
C001856,B_smb,month-to-month,46,1169.91,1.0069377761138787
C001857,B_smb,month-to-month,3,1777.67,1.158723805198729
C001858,B_smb,two-year,29,1357.46,1.1006049417264618
C001859,B_smb,one-year,28,1853.76,0.9727900894280905
C001860,C_individual,one-year,24,563.89,1.0952872942457186
C001861,C_individual,month-to-month,26,578.53,0.7681578495718068
C001862,C_individual,month-to-month,19,329.62,1.1595622862265675
C001863,C_individual,month-to-month,27,364.0,1.0033285032694903
C001864,C_individual,one-year,17,399.24,0.8198980754202806
C001865,C_individual,month-to-month,22,446.22,0.9375042406668805
C001866,C_individual,month-to-month,32,480.82,1.1556310589298915
C001867,B_smb,month-to-month,35,1614.51,0.8848511064025816
C001868,C_individual,one-year,7,502.77,1.0615896957019284
C001869,C_individual,one-year,47,636.46,1.1318165453366242
C001870,B_smb,month-to-month,4,560.95,1.0036657076757485
C001871,B_smb,month-to-month,13,2152.27,0.8703110291502821
C001872,C_individual,month-to-month,16,256.9,0.9904145295920577
C001873,C_individual,month-to-month,15,646.29,0.7885911264959794
C001874,C_individual,one-year,16,511.16,0.926701664633325
C001875,C_individual,month-to-month,15,474.77,0.8339156109028695
C001876,B_smb,one-year,20,1185.48,0.9929635857849548
C001877,B_smb,one-year,36,1187.49,0.8096030925865689
C001878,C_individual,two-year,39,501.98,1.0125128676362294
C001879,C_individual,two-year,16,405.29,1.169930517560782
C001880,C_individual,month-to-month,12,576.62,1.1793497306343461
C001881,C_individual,month-to-month,32,387.02,0.813183560608809
C001882,B_smb,month-to-month,2,1739.37,0.9000853959412477
C001883,C_individual,one-year,21,247.1,1.1279147903981939
C001884,B_smb,month-to-month,10,928.84,1.1056065413179277
C001885,B_smb,month-to-month,29,1332.0,0.9077198055377683
C001886,A_enterprise,month-to-month,3,4524.48,0.9270295628998693
C001887,B_smb,month-to-month,39,1417.97,1.0123397132901837
C001888,C_individual,one-year,12,484.18,0.7250061174189835
C001889,B_smb,one-year,24,1659.03,1.0787995851647956
C001890,B_smb,one-year,27,1559.26,1.1624607115786192
C001891,C_individual,two-year,22,578.95,0.9416332426631524
C001892,C_individual,month-to-month,21,297.49,0.7871171480822198
C001893,A_enterprise,month-to-month,12,4007.88,1.2118920434499179
C001894,B_smb,month-to-month,37,953.04,1.0329143822936404
C001895,B_smb,one-year,24,1546.19,1.106343943090756
C001896,C_individual,one-year,10,443.29,0.8018301082034885
C001897,B_smb,month-to-month,12,1047.62,0.8023777805269037
C001898,A_enterprise,two-year,21,3443.18,1.062118181146093
C001899,A_enterprise,month-to-month,40,2969.97,1.1541347362804604
C001900,C_individual,month-to-month,46,185.25,0.830614262917824
C001901,A_enterprise,one-year,18,3421.87,0.9847296666321478
C001902,C_individual,two-year,18,516.22,0.7619165722110046
C001903,B_smb,one-year,6,1381.87,0.8947658765557155
C001904,C_individual,two-year,26,603.91,0.9614464101977455
C001905,B_smb,month-to-month,11,1793.81,1.0733207858988187
C001906,B_smb,one-year,39,1366.36,0.6841336512620536
C001907,A_enterprise,two-year,25,5700.61,1.1980597787793748
C001908,C_individual,one-year,10,308.84,0.974417639071352
C001909,C_individual,month-to-month,43,502.84,1.1941581125662575
C001910,A_enterprise,two-year,39,4491.54,1.1048046047036895
C001911,B_smb,month-to-month,14,1258.36,1.1278450481548703
C001912,C_individual,month-to-month,5,164.86,1.3030444418753115
C001913,C_individual,two-year,12,606.32,0.8827578107128782
C001914,B_smb,two-year,18,1761.21,1.0203165108729109
C001915,B_smb,two-year,19,1472.29,0.8513937735458457
C001916,C_individual,two-year,39,524.42,0.9846686088259052
C001917,C_individual,month-to-month,46,582.77,1.108014196870013
C001918,C_individual,two-year,35,382.3,1.1691004431587182
C001919,C_individual,month-to-month,40,285.31,0.9426610561130231
C001920,B_smb,one-year,6,1374.7,0.8192820456074051
C001921,B_smb,month-to-month,7,1478.76,1.010995902629433
C001922,B_smb,two-year,43,1555.82,0.8721748055112072
C001923,B_smb,one-year,29,1480.92,0.9133179385104843
C001924,B_smb,two-year,11,1348.84,1.1007599050476506
C001925,A_enterprise,month-to-month,38,4017.53,1.0728444478352315
C001926,B_smb,month-to-month,8,1216.16,1.125130348724531
C001927,C_individual,month-to-month,36,567.31,0.9494171999158119
C001928,A_enterprise,month-to-month,42,3998.4,1.1513460613776967
C001929,B_smb,one-year,23,996.19,1.0021523112199038
C001930,C_individual,month-to-month,31,566.19,0.9573766848955013
C001931,C_individual,one-year,35,532.36,0.8351796117884069
C001932,C_individual,month-to-month,42,436.66,0.6865097083217228
C001933,C_individual,month-to-month,28,535.15,0.7654108423208157
C001934,C_individual,one-year,14,583.29,1.0323193366034977
C001935,A_enterprise,month-to-month,9,4946.51,0.8638720132666196
C001936,B_smb,month-to-month,17,1517.15,0.7532104859460098
C001937,C_individual,month-to-month,2,535.42,0.9370936980620518
C001938,B_smb,month-to-month,33,1635.96,1.04196700549712
C001939,A_enterprise,one-year,17,3598.08,1.062260415182288
C001940,B_smb,month-to-month,34,2038.17,0.995669474280072
C001941,B_smb,month-to-month,2,1002.24,0.9908708168611107
C001942,B_smb,one-year,15,1076.47,0.9192385710255577
C001943,B_smb,one-year,18,1634.56,1.0950858656258269
C001944,C_individual,one-year,4,486.62,0.9734778132354248
C001945,C_individual,month-to-month,39,314.94,0.9885501530956852
C001946,B_smb,two-year,28,1229.18,1.1556767883724344
C001947,C_individual,month-to-month,40,287.75,1.1187850143571632
C001948,A_enterprise,month-to-month,38,3756.96,0.9722702132982539
C001949,C_individual,two-year,1,324.52,0.9509415161758258
C001950,C_individual,one-year,41,473.82,0.9497742857611269
C001951,A_enterprise,one-year,3,3323.88,0.696810029710461
C001952,C_individual,two-year,41,513.12,1.1645344562068616
C001953,C_individual,month-to-month,32,626.68,0.8972789054603206
C001954,C_individual,two-year,39,350.73,1.128192638387753
C001955,C_individual,one-year,23,529.05,1.0062382443620481
C001956,C_individual,month-to-month,7,413.58,1.2087500578409898
C001957,A_enterprise,month-to-month,7,4417.32,1.0794227449629283
C001958,C_individual,month-to-month,5,583.04,1.136818467535419
C001959,C_individual,two-year,38,246.93,0.9111883348538353
C001960,C_individual,month-to-month,25,688.92,0.8071886130504181
C001961,B_smb,month-to-month,10,1378.17,1.0221289007690992
C001962,C_individual,one-year,5,257.2,0.7124222535701258
C001963,B_smb,one-year,3,1358.24,0.9298070598108368
C001964,C_individual,month-to-month,12,462.28,0.8215850774210917
C001965,A_enterprise,two-year,35,3638.54,0.8740511213508476
C001966,C_individual,one-year,42,204.25,1.0893539275869186
C001967,C_individual,two-year,29,461.62,1.0794949691836684
C001968,B_smb,month-to-month,47,1388.85,0.975705990444124
C001969,C_individual,month-to-month,18,528.14,1.04800128276488
C001970,B_smb,one-year,15,1829.29,0.9188966166693395
C001971,C_individual,month-to-month,33,721.38,1.363999187770252
C001972,C_individual,one-year,6,511.64,1.045125621566986
C001973,B_smb,month-to-month,43,1443.46,0.9114516843985299
C001974,B_smb,one-year,37,1248.2,1.1313049938899378
C001975,B_smb,two-year,1,1357.53,1.1860279146542283
C001976,B_smb,two-year,8,1314.94,0.8838671631428795
C001977,C_individual,two-year,30,663.96,0.7872159650422681
C001978,C_individual,two-year,35,411.58,0.816931917281443
C001979,B_smb,month-to-month,10,1161.72,0.8995065914337571
C001980,C_individual,month-to-month,35,394.02,0.9918597007800205
C001981,B_smb,two-year,22,942.22,0.7556304884079688
C001982,C_individual,two-year,32,420.64,0.9372629632998914
C001983,B_smb,two-year,20,1400.39,0.9688093843974496
C001984,C_individual,one-year,21,759.46,1.048728987857221
C001985,C_individual,month-to-month,18,285.0,1.0917673413117657
C001986,B_smb,two-year,7,1089.78,1.0602315224489582
C001987,C_individual,two-year,9,348.98,1.2688259934243644
C001988,C_individual,one-year,8,365.81,1.1641185068052966
C001989,B_smb,two-year,38,1330.87,1.0332943056972126
C001990,A_enterprise,one-year,20,3936.74,0.8544268540629141
C001991,C_individual,two-year,18,568.08,0.8986753827607584
C001992,B_smb,month-to-month,41,1961.81,0.7857001703323381
C001993,A_enterprise,two-year,42,3189.01,1.0230017207771611
C001994,B_smb,month-to-month,11,1502.28,1.0497043252114469
C001995,C_individual,month-to-month,17,511.09,1.1339369206817258
C001996,B_smb,month-to-month,19,1647.07,1.0400977442330426
C001997,B_smb,month-to-month,40,1755.28,1.1580983187777862
C001998,C_individual,month-to-month,32,620.81,1.1611748542868956
C001999,C_individual,two-year,26,240.51,0.845785595641852
C002000,C_individual,one-year,11,537.27,0.9222905009475012
C002001,B_smb,two-year,18,1405.84,0.9983442308079438
C002002,C_individual,month-to-month,1,549.09,0.894088797957574
C002003,C_individual,month-to-month,33,376.37,0.9635015038079852
C002004,A_enterprise,one-year,44,4535.12,1.0451887868852106
C002005,C_individual,one-year,37,264.18,0.9815385514029984
C002006,B_smb,one-year,14,2207.47,1.000046397275444
C002007,A_enterprise,two-year,23,2939.36,0.8586041719118628
C002008,B_smb,two-year,45,1649.63,1.0759663156063195
C002009,C_individual,one-year,20,514.35,1.0649892538340595
C002010,A_enterprise,two-year,40,3436.27,0.8856249457789045
C002011,B_smb,one-year,27,1581.18,0.8060158884171481
C002012,A_enterprise,one-year,23,5054.4,1.1845367098422999
C002013,B_smb,month-to-month,28,978.62,1.2622263073522184
C002014,B_smb,month-to-month,10,1507.29,1.0352064419968043
C002015,C_individual,month-to-month,20,412.32,0.9457472591604825
C002016,B_smb,one-year,14,1245.06,1.1569417019076558
C002017,A_enterprise,one-year,36,4171.28,1.07055250550697
C002018,C_individual,month-to-month,29,442.07,0.9683939324930733
C002019,B_smb,one-year,19,1263.43,1.1452111787674182
C002020,C_individual,month-to-month,39,365.08,0.8785550248349927
C002021,A_enterprise,month-to-month,21,4399.91,0.8963792425116601
C002022,A_enterprise,two-year,45,3449.85,1.05454476351442
C002023,B_smb,month-to-month,29,1250.7,1.0171362119390142
C002024,B_smb,month-to-month,42,883.17,1.0955918533723406
C002025,B_smb,month-to-month,47,1306.14,1.1789996381942764
C002026,C_individual,month-to-month,15,473.78,0.7671326350160768
C002027,B_smb,one-year,12,1622.27,1.0058427668407588
C002028,C_individual,two-year,40,576.06,1.2851620617155846
C002029,C_individual,one-year,11,564.73,0.9105169464568676
C002030,A_enterprise,one-year,36,4509.76,0.8927878374536183
C002031,C_individual,month-to-month,8,513.0,0.6638519015870086
C002032,B_smb,one-year,41,1361.01,1.0152622597924015
C002033,B_smb,month-to-month,33,508.09,1.0870912721533617
C002034,A_enterprise,month-to-month,25,1594.11,1.086783133489049
C002035,C_individual,two-year,21,538.21,0.8444423119927356
C002036,C_individual,month-to-month,30,293.14,0.9986929480941173
C002037,A_enterprise,month-to-month,18,4031.69,1.033231919709302
C002038,C_individual,month-to-month,19,328.24,1.0078161516743103
C002039,C_individual,two-year,9,539.7,0.8357793249928753
C002040,B_smb,month-to-month,7,1560.35,1.0115961287620985
C002041,C_individual,month-to-month,42,415.85,0.8778152878647841
C002042,C_individual,two-year,35,360.2,0.7192138758188545
C002043,C_individual,month-to-month,21,587.82,1.1021959691968397
C002044,C_individual,two-year,39,346.87,1.0210053794610972
C002045,A_enterprise,month-to-month,29,4425.37,1.0887842889966575
C002046,B_smb,one-year,28,1359.2,0.9198318064548279
C002047,C_individual,two-year,5,533.24,1.0939812972346055
C002048,A_enterprise,one-year,25,5871.24,1.1533192252479039
C002049,B_smb,one-year,5,1768.58,1.2630983361635848
C002050,C_individual,month-to-month,32,298.68,1.1220782769914048
C002051,A_enterprise,one-year,3,3069.59,1.057718447099931
C002052,B_smb,two-year,24,1478.04,0.7930174329284381
C002053,C_individual,one-year,17,413.72,0.9840212156141879
C002054,B_smb,two-year,6,1472.23,0.7866007841443243
C002055,B_smb,one-year,22,857.14,0.8771686195398468
C002056,C_individual,one-year,9,513.59,1.2932587488000533
C002057,B_smb,month-to-month,11,1435.9,0.8465449733122844
C002058,A_enterprise,one-year,42,4255.19,0.6486111093362067
C002059,A_enterprise,two-year,16,2502.25,1.1219749291639223
C002060,C_individual,one-year,19,414.42,0.8990399397468619
C002061,B_smb,month-to-month,0,716.33,1.1152011241629842
C002062,C_individual,one-year,14,301.83,0.8244804957460253
C002063,A_enterprise,one-year,16,3859.7,0.9361129400886252
C002064,B_smb,two-year,34,1789.37,1.1793822216428471
C002065,C_individual,month-to-month,5,407.97,0.8016969647532529
C002066,C_individual,month-to-month,44,411.71,0.9746101027233681
C002067,C_individual,month-to-month,6,440.34,1.0436956574244218
C002068,B_smb,month-to-month,31,1808.23,0.8921147353429251
C002069,C_individual,two-year,0,394.18,1.036295531178723
C002070,C_individual,month-to-month,39,586.72,1.0023471541305975
C002071,B_smb,one-year,33,1962.81,1.0801814207389304
C002072,B_smb,month-to-month,40,2040.42,1.2763292856937662
C002073,C_individual,month-to-month,44,370.05,1.401281644448628
C002074,B_smb,two-year,40,1297.54,1.0694993673117148
C002075,C_individual,month-to-month,29,430.55,0.9834408702940917
C002076,C_individual,month-to-month,40,300.87,1.0661378234394212
C002077,B_smb,month-to-month,4,1204.77,0.965163663266381
C002078,B_smb,two-year,30,1069.64,0.7618926338165466
C002079,A_enterprise,two-year,47,5368.95,0.9930114290187554
C002080,B_smb,month-to-month,18,1168.31,1.1623175587827101
C002081,B_smb,one-year,46,1772.27,0.7802879304591093
C002082,C_individual,month-to-month,24,589.2,0.8523115174953971
C002083,B_smb,one-year,22,1428.69,0.9127072233464161
C002084,C_individual,month-to-month,14,521.78,1.0558515785117712
C002085,B_smb,two-year,5,1783.95,1.3565498900525188
C002086,B_smb,two-year,42,1462.57,0.8786025759598287
C002087,B_smb,month-to-month,34,1515.29,1.0136822746282879
C002088,C_individual,month-to-month,19,479.2,1.000866799788442
C002089,B_smb,month-to-month,46,1706.92,0.9548131149761433
C002090,B_smb,month-to-month,8,1779.06,0.9928445929874438
C002091,C_individual,month-to-month,37,545.04,0.9302894134475016
C002092,C_individual,month-to-month,21,546.55,1.411446632961089
C002093,B_smb,two-year,29,1189.8,1.1124512806635678
C002094,C_individual,month-to-month,1,393.45,0.9315783794127153
C002095,B_smb,two-year,29,1423.27,1.1775372890266065
C002096,A_enterprise,month-to-month,32,4697.86,1.0385038086871312
C002097,B_smb,one-year,46,1338.04,1.0086921138214455
C002098,A_enterprise,month-to-month,16,5090.91,0.9726976724408458
C002099,B_smb,two-year,3,1557.15,0.9624949496649877
C002100,C_individual,month-to-month,2,445.3,0.8170043978113971
C002101,A_enterprise,month-to-month,7,5599.64,0.748950708079528
C002102,C_individual,one-year,14,313.89,1.0556109708843873
C002103,C_individual,one-year,39,633.07,0.9711876603858234
C002104,C_individual,one-year,9,291.06,1.1316147624565702
C002105,C_individual,month-to-month,6,584.08,0.866514668066931
C002106,C_individual,month-to-month,1,179.49,0.8353084681801567
C002107,C_individual,two-year,18,432.93,1.1164268544042912
C002108,B_smb,one-year,28,1364.24,0.9556992336263755
C002109,B_smb,one-year,13,1313.18,1.128360070802818
C002110,C_individual,month-to-month,23,667.22,1.0050192070511577
C002111,C_individual,month-to-month,11,408.36,1.2816284337804718
C002112,B_smb,two-year,38,988.6,1.1133611856239307
C002113,C_individual,one-year,1,508.52,1.0614621634860815
C002114,A_enterprise,month-to-month,9,4570.09,1.1199889530911054
C002115,C_individual,two-year,27,468.09,0.9590653096206567
C002116,B_smb,one-year,40,1754.91,0.7535628467503703
C002117,A_enterprise,month-to-month,19,4727.97,1.0541392128115898
C002118,A_enterprise,month-to-month,3,5181.33,1.2912383832192902
C002119,B_smb,one-year,26,1237.58,0.6564336491143454
C002120,B_smb,month-to-month,12,1689.94,1.0703717438047469
C002121,A_enterprise,one-year,14,3832.4,0.7697215639580515
C002122,B_smb,one-year,44,1384.59,0.9965043168501796
C002123,B_smb,month-to-month,45,1603.74,1.0119189108330007
C002124,B_smb,two-year,12,1714.46,1.1120280557944595
C002125,B_smb,month-to-month,28,1153.65,1.0315244418836051
C002126,B_smb,month-to-month,25,1625.94,1.2060277982320775
C002127,B_smb,one-year,46,1105.4,1.174960054667356
C002128,A_enterprise,one-year,45,4705.06,0.9704988828870386
C002129,A_enterprise,month-to-month,16,4483.07,1.1641589322595178
C002130,B_smb,one-year,1,1650.4,0.9530828821141408
C002131,C_individual,two-year,0,317.88,0.9272713648048719
C002132,C_individual,two-year,0,316.99,0.8193424983390148
C002133,C_individual,two-year,37,438.07,1.196794589735821
C002134,C_individual,month-to-month,35,383.97,0.9549962180980377
C002135,C_individual,month-to-month,39,540.55,0.6367743653220528
C002136,B_smb,one-year,6,916.49,1.0813099044440444
C002137,C_individual,month-to-month,2,486.37,0.9348974770829855
C002138,C_individual,one-year,8,348.17,0.9552079130341145
C002139,C_individual,month-to-month,30,447.24,0.9648975239686705
C002140,C_individual,month-to-month,0,607.86,0.9495171310975612
C002141,B_smb,month-to-month,31,1290.59,1.4091651839295087
C002142,C_individual,month-to-month,42,383.64,1.249405857956908
C002143,C_individual,month-to-month,6,346.34,1.1048758128902691
C002144,B_smb,one-year,35,1233.1,1.0361987290543488
C002145,C_individual,one-year,26,619.12,1.169314183595297
C002146,A_enterprise,month-to-month,45,3495.65,1.0365490003095046
C002147,C_individual,month-to-month,11,444.01,1.1223799569262345
C002148,C_individual,two-year,10,244.34,1.0837332847667855
C002149,A_enterprise,month-to-month,0,4496.32,1.0192517437698156
C002150,C_individual,one-year,33,481.53,1.1410468646485545
C002151,A_enterprise,one-year,41,3003.21,0.9369738242856814
C002152,C_individual,one-year,0,396.62,1.0087679956724307
C002153,C_individual,two-year,23,484.86,0.8530843985585673
C002154,C_individual,one-year,34,465.74,0.8704041652782828
C002155,C_individual,two-year,37,490.67,0.6206273941474053
C002156,A_enterprise,two-year,44,3998.09,1.0684851580990888
C002157,B_smb,month-to-month,34,1438.28,1.109727987804614
C002158,B_smb,month-to-month,44,1327.24,1.162812942153975
C002159,A_enterprise,month-to-month,47,3495.33,0.8346360155146133
C002160,B_smb,month-to-month,44,1103.29,1.0659863384212642
C002161,B_smb,one-year,21,1531.07,0.9998933688487189
C002162,B_smb,month-to-month,19,1875.89,1.1106372414730465
C002163,B_smb,month-to-month,20,1108.44,0.9022869371651009
C002164,C_individual,month-to-month,45,460.42,0.949555777835925
C002165,B_smb,one-year,13,1656.76,0.766975020833697
C002166,C_individual,one-year,36,495.06,0.89246197824162
C002167,B_smb,two-year,30,1808.12,1.0004647342409663
C002168,B_smb,month-to-month,2,1271.09,1.0261188664144216
C002169,C_individual,month-to-month,23,281.63,0.7471175748369548
C002170,B_smb,two-year,9,1102.05,0.9232823802292083
C002171,B_smb,one-year,34,1437.98,1.024047335236471
C002172,C_individual,one-year,21,476.78,1.2112065116392718
C002173,B_smb,one-year,17,1590.77,0.8732481058366438
C002174,B_smb,month-to-month,3,1209.14,1.073509602512156
C002175,C_individual,two-year,6,471.7,0.9157652347912937
C002176,B_smb,one-year,36,1538.75,0.9331335380665426
C002177,C_individual,one-year,41,507.58,0.8683643144968184
C002178,B_smb,one-year,13,1588.7,0.8433490090112234
C002179,C_individual,month-to-month,39,238.28,0.9287810563108478
C002180,C_individual,month-to-month,26,340.38,1.1572016694029195
C002181,C_individual,one-year,16,287.86,0.8867545172152006
C002182,C_individual,one-year,21,281.65,0.8633894145825207
C002183,A_enterprise,month-to-month,33,5072.98,1.0313691666209694
C002184,C_individual,month-to-month,43,177.96,1.0007820020460276
C002185,B_smb,two-year,23,1074.54,0.9897633727593023
C002186,C_individual,month-to-month,16,558.84,1.0380981508350908
C002187,C_individual,month-to-month,36,568.5,0.8485633486669089
C002188,B_smb,one-year,25,1341.79,0.865164668737669
C002189,C_individual,two-year,18,608.39,1.1479375868927675
C002190,A_enterprise,one-year,22,5418.61,0.978110424828403
C002191,C_individual,two-year,25,413.73,1.0894661943264787
C002192,C_individual,month-to-month,6,503.7,1.18360623969244
C002193,A_enterprise,two-year,2,4942.94,1.1268614599665283
C002194,C_individual,two-year,31,346.56,0.7945318227172038
C002195,C_individual,one-year,8,420.61,0.9825251796670185
C002196,A_enterprise,one-year,25,4591.81,1.1561247219768664
C002197,C_individual,month-to-month,37,505.32,1.0784118347570681
C002198,B_smb,month-to-month,10,1489.63,1.0275911865084242
C002199,C_individual,month-to-month,18,622.4,0.7540674774978847
C002200,A_enterprise,month-to-month,46,3000.46,0.9075221467060934
C002201,C_individual,two-year,1,520.79,1.0103990843569775
C002202,C_individual,month-to-month,36,166.4,0.7861151471885758
C002203,B_smb,one-year,8,1552.76,1.1190453554390731
C002204,B_smb,month-to-month,43,1449.2,0.9823591422464831
C002205,C_individual,month-to-month,19,428.71,0.7030522828715504
C002206,C_individual,month-to-month,0,243.11,0.9150083383719123
C002207,B_smb,month-to-month,34,1496.85,0.95705110671501
C002208,B_smb,one-year,7,1502.86,0.9805189443888448
C002209,A_enterprise,two-year,17,2872.53,1.2129431753099134
C002210,C_individual,month-to-month,24,431.95,1.0867690543020032
C002211,B_smb,two-year,35,1382.3,0.7951815583055432
C002212,C_individual,one-year,20,365.76,0.776573754764322
C002213,B_smb,one-year,41,2018.2,0.9599775248638049
C002214,C_individual,month-to-month,23,466.2,1.0189315417336653
C002215,A_enterprise,month-to-month,16,4553.64,1.1488576733714175
C002216,A_enterprise,two-year,16,4572.23,1.259483997161867
C002217,C_individual,one-year,38,408.77,1.2676333776204973
C002218,C_individual,month-to-month,31,453.87,0.9336474947993331
C002219,B_smb,two-year,6,1801.89,1.1401827022227782
C002220,B_smb,month-to-month,36,1355.78,1.0638443048385384
C002221,B_smb,one-year,19,2150.4,0.8363820201965858
C002222,B_smb,month-to-month,16,1508.78,0.7168157756785005
C002223,B_smb,two-year,4,1031.32,1.0216162239399433
C002224,C_individual,month-to-month,47,560.41,0.7757246494584813
C002225,B_smb,month-to-month,2,1800.88,0.872281082139083
C002226,C_individual,one-year,47,469.9,0.8972750815168546
C002227,A_enterprise,month-to-month,3,4979.03,1.0328126998628897
C002228,A_enterprise,two-year,24,4178.89,1.1920931806599933
C002229,C_individual,one-year,5,387.95,1.0019115187459684
C002230,B_smb,month-to-month,23,1336.78,0.9191676229896187
C002231,C_individual,month-to-month,40,444.58,0.6897299605004138
C002232,A_enterprise,two-year,28,4895.35,1.068756032449909
C002233,C_individual,one-year,26,395.45,1.0042842269331287
C002234,C_individual,two-year,5,402.71,0.9175469629360354
C002235,C_individual,month-to-month,45,250.23,1.1749137646809507
C002236,A_enterprise,two-year,18,3768.24,0.8213794084987674
C002237,B_smb,one-year,25,1023.84,0.8972678118711538
C002238,B_smb,one-year,43,1100.37,0.9632458307750473
C002239,C_individual,month-to-month,30,574.01,0.915672485922604
C002240,B_smb,month-to-month,35,1166.04,1.0826131629175775
C002241,A_enterprise,two-year,8,4562.16,1.0695870745736238
C002242,B_smb,two-year,22,1516.09,1.1576455038376214
C002243,B_smb,month-to-month,25,1138.25,1.0753480555568093
C002244,B_smb,two-year,8,1589.37,0.9826939552697478
C002245,B_smb,month-to-month,18,1339.51,0.9490273174398941
C002246,B_smb,month-to-month,39,1325.06,1.0682916483570477
C002247,C_individual,month-to-month,44,602.42,0.9714540843677135
C002248,B_smb,month-to-month,39,1058.45,1.007084085252527
C002249,B_smb,month-to-month,44,1152.36,1.0764524932294541
C002250,C_individual,month-to-month,47,450.8,1.0207833787068958
C002251,C_individual,month-to-month,9,300.76,1.0462892751414776
C002252,B_smb,one-year,41,1614.15,0.881361746718343
C002253,C_individual,two-year,29,194.35,1.202455841683099
C002254,C_individual,one-year,41,308.7,0.8339990672822287
C002255,C_individual,month-to-month,30,473.86,1.0658796597676155
C002256,C_individual,one-year,5,301.0,0.9271238977048338
C002257,C_individual,month-to-month,27,605.89,1.1623519065664059
C002258,A_enterprise,one-year,36,4125.48,1.1325611267484796
C002259,B_smb,one-year,5,1572.21,0.9996925280836091
C002260,C_individual,month-to-month,24,492.95,1.2332080591925092
C002261,C_individual,month-to-month,31,448.57,0.9718901170541823
C002262,B_smb,two-year,22,909.09,1.1322537833979966
C002263,A_enterprise,two-year,38,5858.03,0.8910653740663503
C002264,C_individual,one-year,6,502.95,1.0607460711396337
C002265,A_enterprise,two-year,16,3084.79,0.8601309513568819
C002266,C_individual,two-year,45,549.41,1.0029206895054419
C002267,C_individual,month-to-month,24,402.31,0.9922881769390287
C002268,C_individual,one-year,8,484.73,1.1317838206016446
C002269,C_individual,month-to-month,5,500.66,0.8993875089359378
C002270,C_individual,month-to-month,28,589.55,1.4610025506516486
C002271,C_individual,month-to-month,44,608.62,0.7926869858181769
C002272,C_individual,two-year,2,430.56,1.034942375221051
C002273,C_individual,one-year,5,304.14,1.0431686042858948
C002274,C_individual,month-to-month,18,227.54,1.0807140806900926
C002275,A_enterprise,month-to-month,10,3737.99,0.9226911048139009
C002276,C_individual,month-to-month,5,378.99,1.036265573087139
C002277,B_smb,one-year,14,930.42,0.9153327646997375
C002278,C_individual,two-year,30,632.34,1.2809710399416818
C002279,C_individual,month-to-month,39,565.22,0.9047338693703474
C002280,B_smb,month-to-month,14,1383.28,0.9777968793412188
C002281,B_smb,one-year,33,1144.21,0.9004999498844908
C002282,B_smb,month-to-month,39,1200.72,0.8799602764439938
C002283,C_individual,one-year,0,329.22,0.7898370131503846
C002284,B_smb,month-to-month,40,1367.95,1.1008100029277064
C002285,A_enterprise,month-to-month,8,4201.92,0.8990772688685732
C002286,C_individual,month-to-month,32,389.29,0.8804274786095163
C002287,C_individual,two-year,36,470.0,0.8555246436477268
C002288,B_smb,month-to-month,40,1451.17,1.0456575612986414
C002289,B_smb,month-to-month,19,1053.92,1.0032511763720497
C002290,C_individual,one-year,31,518.27,1.0039387404864797
C002291,C_individual,two-year,1,369.55,0.8857959276005983
C002292,C_individual,month-to-month,21,451.21,1.0652849172002121
C002293,B_smb,month-to-month,46,1491.19,0.9006476908079518
C002294,B_smb,one-year,7,1641.54,1.0105271825106106
C002295,A_enterprise,month-to-month,7,4480.02,0.9790400104176816
C002296,C_individual,one-year,33,531.46,0.7467272829798647
C002297,A_enterprise,month-to-month,24,4275.92,1.3043176029583416
C002298,A_enterprise,month-to-month,21,5455.15,1.0862181529800043
C002299,C_individual,month-to-month,11,518.68,1.0270309128542416
C002300,C_individual,one-year,8,204.74,1.0507053840573293
C002301,C_individual,month-to-month,35,590.17,1.3078495234160568
C002302,B_smb,month-to-month,17,1507.58,1.1705299654965602
C002303,B_smb,month-to-month,37,1016.65,1.0523146020389191
C002304,B_smb,one-year,21,1070.5,0.8937537226569535
C002305,B_smb,month-to-month,19,1486.12,0.9174188074314
C002306,C_individual,one-year,11,271.21,0.7295115433722433
C002307,B_smb,one-year,31,1067.84,0.9447576394712037
C002308,C_individual,month-to-month,13,598.01,1.0992757555712902
C002309,C_individual,two-year,43,351.99,1.0950443347408765
C002310,C_individual,two-year,19,406.81,1.092421899354592
C002311,A_enterprise,month-to-month,39,3982.73,0.9226953876987288
C002312,B_smb,month-to-month,22,1424.15,1.082656537357348
C002313,B_smb,month-to-month,19,1373.78,1.1236276059682622
C002314,B_smb,month-to-month,21,1748.2,0.6659569391265056
C002315,B_smb,one-year,21,1472.64,1.0456633697877176
C002316,B_smb,two-year,22,1220.27,1.3121576144715437
C002317,C_individual,two-year,42,423.02,0.9562803209951459
C002318,B_smb,month-to-month,33,2042.72,0.6217270538696579
C002319,C_individual,month-to-month,1,447.48,0.8781011722038531
C002320,A_enterprise,month-to-month,2,5682.55,0.7278191063295312
C002321,A_enterprise,one-year,1,3537.09,0.9048460197809931
C002322,B_smb,month-to-month,33,1215.05,0.8163901028272118
C002323,A_enterprise,two-year,9,5207.67,1.139628317113128
C002324,B_smb,two-year,18,1134.26,1.1167772207405127
C002325,C_individual,month-to-month,39,470.39,1.0514481251467735
C002326,B_smb,one-year,6,1831.29,1.1839347079943168
C002327,B_smb,one-year,7,1445.12,0.9151930498505088
C002328,C_individual,two-year,3,284.47,1.0110325814867986
C002329,B_smb,month-to-month,13,2053.35,1.3291617733742538
C002330,C_individual,month-to-month,4,377.24,1.0877921853849406
C002331,B_smb,one-year,30,1550.35,1.0874194110875515
C002332,C_individual,month-to-month,35,358.28,0.8848684936183216
C002333,A_enterprise,one-year,8,5730.51,0.9375138666196687
C002334,B_smb,month-to-month,25,1617.34,0.8495565101570899
C002335,C_individual,one-year,14,597.75,1.2521368919928284
C002336,C_individual,two-year,3,330.65,0.7662684027855022
C002337,B_smb,month-to-month,22,2177.58,1.1371208457893218
C002338,C_individual,month-to-month,33,617.33,1.0871681752769435
C002339,A_enterprise,one-year,10,5148.91,0.759495476670797
C002340,B_smb,month-to-month,37,1485.76,1.1713610968867918
C002341,A_enterprise,one-year,47,5816.72,0.9611951577397788
C002342,C_individual,one-year,2,573.6,0.8018668780510065
C002343,B_smb,month-to-month,7,1376.23,1.0546723521427315
C002344,C_individual,two-year,13,372.13,0.8766274554266926
C002345,A_enterprise,one-year,40,3573.5,0.9692596550912856
C002346,C_individual,one-year,6,330.61,0.9241374894837481
C002347,C_individual,month-to-month,22,457.46,0.8681318604932924
C002348,A_enterprise,month-to-month,25,5677.26,0.8217395304620909
C002349,A_enterprise,month-to-month,6,2882.09,1.1195251864931022
C002350,A_enterprise,two-year,2,3047.65,1.0487314181454814
C002351,C_individual,two-year,5,611.15,1.0390993089809988
C002352,B_smb,two-year,2,1212.66,0.9453659196334816
C002353,C_individual,month-to-month,24,314.06,1.0076944789419668
C002354,B_smb,one-year,44,1658.0,0.8895919392808957
C002355,C_individual,one-year,16,357.11,0.8870047079996317
C002356,B_smb,one-year,12,1586.32,1.2565358799724387
C002357,C_individual,month-to-month,11,418.42,1.1326813564998075
C002358,C_individual,two-year,47,462.38,0.9157821453207997
C002359,B_smb,month-to-month,46,1670.41,0.7755754879589385
C002360,C_individual,month-to-month,31,287.82,0.7448370749062614
C002361,A_enterprise,two-year,22,4576.3,0.9048736523873713
C002362,B_smb,month-to-month,7,1622.3,1.0161556529488824
C002363,C_individual,month-to-month,44,433.2,1.0177552252088145
C002364,C_individual,one-year,0,767.05,1.022247935637665
C002365,C_individual,two-year,7,343.43,1.0501333070897696
C002366,B_smb,month-to-month,32,1188.77,0.844245751578389
C002367,B_smb,one-year,8,1071.02,1.2261627261918506
C002368,B_smb,month-to-month,5,1696.13,0.9703920428969985
C002369,C_individual,month-to-month,28,509.04,1.044226409579659
C002370,B_smb,month-to-month,1,1544.78,0.901569421077568
C002371,B_smb,one-year,12,1408.0,1.046723394758798
C002372,B_smb,month-to-month,30,1099.18,1.311545900162799
C002373,B_smb,month-to-month,8,1552.59,0.8515997322353335
C002374,B_smb,one-year,36,1340.74,0.8326608655643957
C002375,A_enterprise,one-year,4,4775.05,0.8703197027345068
C002376,C_individual,one-year,29,366.24,0.9500268263490046
C002377,C_individual,two-year,3,358.39,0.9217898460333595
C002378,A_enterprise,month-to-month,35,5220.21,0.8439008888726135
C002379,C_individual,month-to-month,36,386.65,0.9925506528440087
C002380,C_individual,month-to-month,38,231.48,1.2341711282819705
C002381,B_smb,one-year,13,1435.91,0.9775271786755595
C002382,B_smb,month-to-month,11,1196.24,0.9855341437455769
C002383,A_enterprise,month-to-month,46,5330.82,1.05144142603757
C002384,A_enterprise,month-to-month,35,4969.78,1.0971497161197235
C002385,C_individual,month-to-month,8,480.97,1.2059841960899347
C002386,C_individual,two-year,1,292.06,1.0360062081413386
C002387,A_enterprise,one-year,17,2290.88,0.9996015371752401
C002388,C_individual,month-to-month,31,517.02,0.8512701140438946
C002389,A_enterprise,one-year,17,5086.9,1.1109941940650903
C002390,C_individual,one-year,38,625.57,0.8733225390935988
C002391,C_individual,month-to-month,24,301.7,0.8686751291199701
C002392,B_smb,month-to-month,47,1762.83,1.028970131322956
C002393,A_enterprise,one-year,41,3748.58,1.231228757291421
C002394,C_individual,month-to-month,22,514.16,1.1089685487438592
C002395,C_individual,one-year,40,543.32,0.9943700595139096
C002396,B_smb,one-year,21,1107.63,0.8527615418866181
C002397,B_smb,one-year,0,933.54,1.2283169906597882
C002398,A_enterprise,two-year,14,3158.1,0.991513027145835
C002399,C_individual,one-year,19,412.0,0.9564690692351759
C002400,C_individual,one-year,46,470.91,1.08327504190798
C002401,C_individual,month-to-month,39,458.21,0.9327923912891376
C002402,C_individual,one-year,7,389.41,0.8870494276315246
C002403,C_individual,two-year,0,408.33,0.9014359134418791
C002404,C_individual,two-year,25,227.74,0.9010356094125699
C002405,B_smb,two-year,25,1321.14,0.8308949393102896
C002406,C_individual,month-to-month,35,485.71,0.8141616142913307
C002407,B_smb,one-year,12,962.89,1.145804471820599
C002408,B_smb,two-year,38,1677.71,1.1003261695817708
C002409,C_individual,one-year,19,443.64,0.8765803210473934
C002410,C_individual,one-year,16,337.58,1.1332603538017099
C002411,C_individual,one-year,20,326.95,1.0463969159378996
C002412,B_smb,one-year,45,1249.61,0.9514309536684874
C002413,C_individual,month-to-month,18,338.22,0.8161254008018033
C002414,B_smb,month-to-month,26,1699.71,1.0512170646137005
C002415,A_enterprise,two-year,42,3970.06,1.2798070819854184
C002416,B_smb,two-year,0,1127.09,1.0021857309451998
C002417,C_individual,two-year,25,694.32,1.149797946489356
C002418,A_enterprise,month-to-month,34,1995.78,0.9682423210455848
C002419,C_individual,month-to-month,43,519.51,1.1382752401468808
C002420,A_enterprise,month-to-month,2,6104.57,0.9774682622743388
C002421,B_smb,two-year,34,1186.36,0.6392008220845428
C002422,C_individual,one-year,38,440.2,0.8917397205791519
C002423,A_enterprise,two-year,16,3921.82,1.0198391164009435
C002424,C_individual,month-to-month,35,444.06,1.1623936629185172
C002425,C_individual,one-year,23,492.16,0.9769750515049487
C002426,A_enterprise,one-year,31,4517.62,1.0044723030379912
C002427,C_individual,month-to-month,18,413.66,0.9119097063078317
C002428,C_individual,two-year,8,401.32,1.2341389769086695
C002429,C_individual,one-year,39,369.72,1.2251034281518485
C002430,C_individual,month-to-month,10,579.88,0.8985633513188417
C002431,C_individual,month-to-month,9,413.71,0.7725384008868658
C002432,C_individual,two-year,42,489.47,0.7289202876973209
C002433,B_smb,one-year,44,1299.53,1.0905112789630895
C002434,C_individual,one-year,29,577.51,1.0202831387551607
C002435,C_individual,one-year,27,211.43,0.8827308189777419
C002436,C_individual,month-to-month,17,486.36,1.0407762562758476
C002437,C_individual,one-year,29,299.41,0.8154512684510677
C002438,B_smb,two-year,29,1435.33,1.119238481381125
C002439,C_individual,month-to-month,24,432.41,0.9426535179551521
C002440,C_individual,one-year,31,272.6,0.8377811394683058
C002441,B_smb,month-to-month,26,1548.71,0.9449477950806345
C002442,B_smb,month-to-month,42,1440.87,0.9397786944710484
C002443,C_individual,month-to-month,32,422.25,1.0547587552604372
C002444,B_smb,two-year,18,1508.2,1.1748996368654396
C002445,C_individual,month-to-month,31,469.38,1.1671200912119135
C002446,A_enterprise,month-to-month,11,3028.84,1.0239447276507785
C002447,B_smb,one-year,10,1883.24,0.971921402144755
C002448,C_individual,month-to-month,39,571.56,0.9147034648411128
C002449,C_individual,one-year,27,445.51,0.7347970161299624
C002450,C_individual,two-year,2,605.49,0.9971179530449487
C002451,C_individual,month-to-month,17,421.78,0.8723482805783631
C002452,C_individual,month-to-month,47,370.04,1.1827508089291268
C002453,C_individual,two-year,30,318.28,0.9698918803561125
C002454,C_individual,month-to-month,41,445.94,1.1120628990291364
C002455,C_individual,month-to-month,26,354.82,0.9276230634872602
C002456,C_individual,two-year,2,618.54,0.8986776302826643
C002457,A_enterprise,two-year,8,3890.69,1.0907185401207864
C002458,B_smb,one-year,4,1682.64,1.0416450954476515
C002459,C_individual,one-year,35,519.73,1.048331089554727
C002460,C_individual,two-year,36,592.3,0.985933111697761
C002461,C_individual,one-year,21,537.73,1.118408513184688
C002462,A_enterprise,one-year,34,3834.92,1.096715930360012
C002463,C_individual,two-year,26,440.37,0.6734769788001208
C002464,B_smb,one-year,35,1952.11,0.9613819988165054
C002465,C_individual,one-year,32,691.41,1.1522111164101414
C002466,C_individual,month-to-month,21,652.83,0.8470697513167326
C002467,C_individual,one-year,31,535.7,0.7461406268708725
C002468,C_individual,one-year,15,582.79,0.9791827234974357
C002469,B_smb,month-to-month,35,1510.86,1.0781103788346007
C002470,B_smb,month-to-month,43,1344.19,0.930927797753354
C002471,C_individual,two-year,9,445.24,1.1939419389555657
C002472,C_individual,month-to-month,32,629.61,1.2765433077806285
C002473,C_individual,month-to-month,5,536.44,0.7112383692452667
C002474,B_smb,month-to-month,18,1300.33,0.942400853090255
C002475,A_enterprise,month-to-month,32,4015.39,0.6577237867083406
C002476,A_enterprise,one-year,13,3146.74,1.0991513625045672
C002477,B_smb,month-to-month,11,1035.05,0.898021632495337
C002478,B_smb,month-to-month,18,1577.39,0.9286291770327382
C002479,C_individual,two-year,5,514.94,1.1722137908946368
C002480,C_individual,month-to-month,30,523.52,0.8007405275675334
C002481,B_smb,month-to-month,6,1696.96,0.7630657644220434
C002482,A_enterprise,two-year,15,3528.87,0.6583786597260981
C002483,B_smb,one-year,15,1210.33,1.1905791289573706
C002484,C_individual,one-year,46,492.66,1.1557328436133325
C002485,B_smb,two-year,47,1622.64,0.9559167890707339
C002486,C_individual,two-year,3,434.21,0.8087131798947835
C002487,C_individual,month-to-month,7,292.93,1.1251145957425939
C002488,A_enterprise,one-year,35,4683.96,1.413201336981856
C002489,C_individual,one-year,14,349.25,0.9646468563848771
C002490,C_individual,month-to-month,30,395.02,0.8195644160303776
C002491,B_smb,two-year,44,1625.05,1.1862539118371063
C002492,A_enterprise,month-to-month,7,4216.56,0.8301267570790795
C002493,C_individual,two-year,46,416.78,0.9449988230009091
C002494,C_individual,one-year,2,601.33,0.6041935315040905
C002495,C_individual,one-year,10,314.36,0.9545090016316948
C002496,C_individual,month-to-month,24,407.6,0.8082569168364696
C002497,B_smb,two-year,42,1378.01,1.1888249279012393
C002498,C_individual,one-year,26,547.28,0.8535784539974053
C002499,B_smb,month-to-month,6,1898.12,1.1169714442262257
C002500,A_enterprise,month-to-month,11,4336.28,0.9842591847909978
C002501,C_individual,one-year,36,569.21,1.0188046689902759
C002502,C_individual,month-to-month,26,248.17,1.0783331619977266
C002503,C_individual,one-year,0,554.56,0.9919820030062926
C002504,B_smb,one-year,24,1212.59,0.9028293448170706
C002505,A_enterprise,month-to-month,19,3858.85,0.8781960614903789
C002506,C_individual,one-year,0,585.5,1.0763469820043674
C002507,C_individual,month-to-month,11,556.47,0.7147392210200875
C002508,C_individual,two-year,44,253.3,1.2517246571925011
C002509,C_individual,two-year,33,396.33,1.019773259171961
C002510,B_smb,month-to-month,3,983.29,0.9493907634716762
C002511,B_smb,one-year,0,1242.51,1.0399127218341115
C002512,A_enterprise,one-year,16,5132.07,0.9108553331502143
C002513,A_enterprise,two-year,22,4701.34,0.9732927780927736
C002514,B_smb,month-to-month,21,1490.66,0.8302415651417884
C002515,C_individual,one-year,33,615.15,1.0562628900714879
C002516,A_enterprise,two-year,8,3666.39,0.9882316253333218
C002517,B_smb,month-to-month,2,1230.89,1.0281203450807608
C002518,C_individual,one-year,32,510.37,1.2224709769620805
C002519,B_smb,month-to-month,43,1610.72,0.8793687418473349
C002520,B_smb,one-year,8,1238.36,0.9806674374400913
C002521,C_individual,month-to-month,17,427.06,0.7522876656483886
C002522,B_smb,two-year,30,1314.82,1.0825048303465508
C002523,C_individual,month-to-month,7,448.67,0.9973773037757475
C002524,C_individual,month-to-month,41,450.03,1.0026019586255785
C002525,B_smb,two-year,10,1287.96,0.9763958283268724
C002526,C_individual,two-year,25,512.74,0.9132715235458422
C002527,C_individual,one-year,16,590.57,1.3744041920937664
C002528,C_individual,one-year,32,572.44,1.005732488749996
C002529,C_individual,month-to-month,9,564.12,1.0444775254258778
C002530,C_individual,one-year,4,443.64,0.8290868876330939
C002531,C_individual,month-to-month,24,467.48,1.1327660196717226
C002532,C_individual,month-to-month,41,592.97,0.9814801819356355
C002533,A_enterprise,two-year,30,2760.09,1.0668720176689868
C002534,C_individual,one-year,36,628.36,1.1353500894227555
C002535,C_individual,month-to-month,20,369.27,0.9844138218672791
C002536,C_individual,month-to-month,6,368.53,0.8984508851602725
C002537,B_smb,two-year,20,1621.24,0.6508394836141496
C002538,A_enterprise,month-to-month,47,4627.24,0.941922961595772
C002539,C_individual,month-to-month,37,291.43,0.8976389607131303
C002540,C_individual,month-to-month,33,506.24,0.8285420076103308
C002541,B_smb,month-to-month,14,1124.95,1.2179628899956694
C002542,B_smb,month-to-month,28,1232.93,1.1474149709302488
C002543,B_smb,two-year,29,1011.46,0.7255241114446783
C002544,C_individual,month-to-month,31,274.35,1.023056570216794
C002545,B_smb,one-year,42,1951.15,0.8774134359579853
C002546,C_individual,one-year,32,414.78,1.0550190917269133
C002547,B_smb,one-year,10,1486.78,0.8800529597739818
C002548,B_smb,one-year,10,1481.81,0.9191504647029918
C002549,B_smb,one-year,29,1462.64,1.1444559087067443
C002550,C_individual,one-year,41,397.62,1.1229011415586467
C002551,B_smb,one-year,45,1706.75,1.226422029747191
C002552,C_individual,one-year,29,481.42,0.9674427998234426
C002553,C_individual,one-year,25,572.59,0.7816507153529797
C002554,B_smb,one-year,39,1178.75,1.1381940569396072
C002555,C_individual,month-to-month,46,450.12,1.1390630978508964
C002556,A_enterprise,one-year,1,5678.77,1.094240565470296
C002557,B_smb,one-year,14,1111.12,0.8884373611126974
C002558,B_smb,month-to-month,16,1716.38,0.8393796584112967
C002559,A_enterprise,two-year,27,3998.42,1.0803946405641338
C002560,C_individual,month-to-month,14,378.25,0.8670770525062803
C002561,C_individual,month-to-month,14,550.34,0.953804009958562
C002562,C_individual,two-year,1,601.28,1.4359765104907762
C002563,C_individual,month-to-month,0,357.22,1.3193422961650894
C002564,C_individual,month-to-month,21,241.95,1.1189035205575601
C002565,B_smb,month-to-month,47,1591.92,0.9006599572784444
C002566,A_enterprise,two-year,14,5557.31,0.8916512903857213
C002567,A_enterprise,month-to-month,11,4946.61,1.1073685884326085
C002568,C_individual,one-year,12,100.0,1.224548574553708
C002569,C_individual,one-year,46,334.39,0.923254707318441
C002570,A_enterprise,one-year,31,4477.32,0.9314798817584515
C002571,C_individual,two-year,31,311.8,1.0131567284253091
C002572,C_individual,two-year,9,533.03,0.7916550851640463
C002573,C_individual,month-to-month,43,352.49,0.7962414648326013
C002574,C_individual,two-year,9,451.49,0.8235990287371185
C002575,C_individual,one-year,46,734.82,1.081908723459136
C002576,C_individual,month-to-month,45,464.1,1.0407992056320485
C002577,C_individual,month-to-month,27,436.14,1.1705425112088303
C002578,A_enterprise,one-year,41,4444.72,0.7394206472510055
C002579,C_individual,month-to-month,47,530.28,0.7724630812186354
C002580,A_enterprise,one-year,27,3949.49,1.0683582276549708
C002581,C_individual,month-to-month,36,329.57,0.8691955256488031
C002582,A_enterprise,one-year,28,5200.77,0.8800853325462477
C002583,B_smb,month-to-month,25,1407.59,1.1519127206744069
C002584,A_enterprise,two-year,16,2610.1,0.917057882043137
C002585,B_smb,month-to-month,31,1491.97,0.9346128914050648
C002586,B_smb,month-to-month,12,1693.45,0.9624864189505187
C002587,B_smb,month-to-month,9,1779.24,0.9715869304317473
C002588,B_smb,month-to-month,13,1598.78,1.1027403640330617
C002589,B_smb,one-year,0,1185.99,0.8184993404110443
C002590,C_individual,one-year,44,253.43,0.9717826010238543
C002591,C_individual,month-to-month,12,649.68,1.1743557923813475
C002592,C_individual,two-year,38,431.23,1.3199127510687314
C002593,A_enterprise,month-to-month,20,2579.01,0.7965041967424447
C002594,B_smb,month-to-month,16,1142.01,1.0496509372197587
C002595,C_individual,one-year,10,585.32,0.9714832574211122
C002596,A_enterprise,one-year,39,3548.28,0.9851808776645339
C002597,B_smb,one-year,24,1404.45,0.881562736067201
C002598,C_individual,month-to-month,21,459.73,1.1133706655822706
C002599,C_individual,month-to-month,31,535.67,1.1056741137871724
C002600,B_smb,one-year,38,1757.55,1.3784313354395756
C002601,C_individual,month-to-month,31,512.8,0.8018381031277496
C002602,B_smb,month-to-month,22,1560.21,0.7378135275381963
C002603,C_individual,two-year,42,445.38,1.308209702951259
C002604,A_enterprise,one-year,42,3052.46,0.992216202996686
C002605,A_enterprise,month-to-month,46,4638.33,0.9314803156797348
C002606,C_individual,month-to-month,4,231.96,1.0282362071962272
C002607,B_smb,one-year,42,1321.72,0.7907721341997203
C002608,C_individual,month-to-month,9,473.64,1.056379032383236
C002609,B_smb,month-to-month,29,1563.57,0.9879607045199786
C002610,C_individual,month-to-month,31,135.97,1.1610668169049259
C002611,C_individual,one-year,9,314.91,1.1285519587620974
C002612,B_smb,one-year,0,1665.98,1.1410499403559886
C002613,C_individual,month-to-month,45,530.84,1.02862539457728
C002614,B_smb,month-to-month,42,1409.94,1.2406519481052378
C002615,B_smb,one-year,8,1613.9,1.0864379607365513
C002616,B_smb,one-year,28,1488.89,0.9200318961951468
C002617,C_individual,one-year,7,328.08,0.8786163340902197
C002618,C_individual,month-to-month,27,427.58,0.8955202856790615
C002619,C_individual,one-year,15,335.89,1.088324510647989
C002620,C_individual,two-year,36,307.88,0.8002570493851126
C002621,C_individual,one-year,27,571.32,1.023265893892689
C002622,B_smb,month-to-month,23,1555.06,0.8750689245216261
C002623,C_individual,one-year,32,511.94,0.8120318658378616
C002624,C_individual,month-to-month,22,603.21,0.8362503220937368
C002625,B_smb,month-to-month,0,1752.6,0.996431267240152
C002626,C_individual,month-to-month,28,321.91,1.1145662292808807
C002627,B_smb,two-year,37,1363.66,0.8986095378177408
C002628,B_smb,month-to-month,23,1229.36,0.6886034326348697
C002629,B_smb,two-year,8,1525.17,1.4731500922916845
C002630,A_enterprise,one-year,0,4036.83,1.1676695116384703
C002631,B_smb,one-year,14,1603.39,1.1398418840264846
C002632,C_individual,month-to-month,36,235.06,1.244181791637981
C002633,C_individual,one-year,15,333.89,1.0138554769895514
C002634,C_individual,month-to-month,45,447.3,0.9797498297868311
C002635,B_smb,month-to-month,15,1538.32,1.2033687111932792
C002636,B_smb,month-to-month,20,1983.54,1.2023563974932512
C002637,B_smb,month-to-month,36,1596.9,1.0922780158920367
C002638,C_individual,one-year,29,315.55,1.1323746790983147
C002639,B_smb,month-to-month,1,921.93,0.8141841654454958
C002640,C_individual,month-to-month,3,639.93,0.9613795587136117
C002641,C_individual,two-year,9,433.89,1.255572217392941
C002642,C_individual,month-to-month,41,401.16,1.1206516377620175
C002643,C_individual,month-to-month,1,553.23,0.7806968726685708
C002644,B_smb,month-to-month,3,1432.59,0.9203345897465759
C002645,C_individual,month-to-month,37,602.5,1.2311435097040155
C002646,C_individual,one-year,29,378.63,1.0682825725598024
C002647,C_individual,month-to-month,47,393.05,1.0272833976401419
C002648,C_individual,month-to-month,10,544.82,1.031794149705772
C002649,C_individual,one-year,31,462.07,0.9874657910277572
C002650,C_individual,month-to-month,6,463.01,0.9213635644942528
C002651,B_smb,two-year,28,1693.82,0.8749616832945974
C002652,C_individual,two-year,5,407.59,1.1515486858626627
C002653,C_individual,month-to-month,43,553.68,1.0356318089535033
C002654,B_smb,month-to-month,19,773.92,1.1060579649973126
C002655,C_individual,month-to-month,12,534.08,1.082003346804196
C002656,B_smb,month-to-month,47,1126.42,1.2113074697920458
C002657,C_individual,month-to-month,3,426.03,1.0681963768195515
C002658,A_enterprise,one-year,38,4551.18,1.123541440409482
C002659,B_smb,month-to-month,24,1799.91,1.02509245592444
C002660,C_individual,month-to-month,33,417.58,0.8578834212145128
C002661,B_smb,month-to-month,12,1123.63,0.9661574514172031
C002662,B_smb,two-year,42,1005.24,1.0884878948857417
C002663,B_smb,two-year,21,1497.72,1.1016509101695924
C002664,B_smb,month-to-month,20,1472.73,1.217654194485271
C002665,C_individual,one-year,21,554.17,0.9310119414227624
C002666,C_individual,month-to-month,14,458.17,1.0338997348126193
C002667,A_enterprise,one-year,15,4273.72,0.9806267619087744
C002668,C_individual,one-year,6,737.02,1.24364688128781
C002669,B_smb,two-year,23,1101.62,1.0564672887875557
C002670,C_individual,month-to-month,22,303.04,1.059339131953246
C002671,B_smb,month-to-month,18,1336.32,0.9946510403442987
C002672,B_smb,two-year,47,1608.19,0.9662396875163834
C002673,B_smb,month-to-month,5,1302.06,0.7826995398499718
C002674,C_individual,month-to-month,43,385.39,0.8108196844175424
C002675,C_individual,one-year,41,350.39,1.0268266692825874
C002676,B_smb,one-year,1,1113.11,1.0081223733340503
C002677,C_individual,one-year,33,285.9,1.0276635131686795
C002678,C_individual,one-year,10,400.08,1.1412083879282133
C002679,B_smb,one-year,1,1696.41,1.013940866265586
C002680,C_individual,month-to-month,41,697.82,0.9477532890977811
C002681,C_individual,one-year,5,246.89,0.9685035674132391
C002682,B_smb,one-year,14,1495.24,1.0365860208137163
C002683,C_individual,two-year,4,362.89,0.9429997015959549
C002684,B_smb,month-to-month,6,1429.1,1.159659032592277
C002685,C_individual,month-to-month,2,383.61,0.9983089070661366
C002686,B_smb,one-year,40,1815.14,1.0377493474143056
C002687,C_individual,month-to-month,2,573.5,0.8775149602202627
C002688,B_smb,month-to-month,36,923.09,1.159731394430994
C002689,C_individual,two-year,7,622.69,1.2158448512311308
C002690,C_individual,one-year,43,541.21,0.7955279304262529
C002691,B_smb,month-to-month,40,1302.66,1.0601333621624016
C002692,C_individual,month-to-month,30,444.82,0.9838133395466595
C002693,C_individual,month-to-month,39,564.22,1.042605375318854
C002694,C_individual,one-year,14,357.81,1.067814048089096
C002695,B_smb,month-to-month,37,1533.62,0.66475663025245
C002696,C_individual,month-to-month,10,711.58,1.113923018170108
C002697,A_enterprise,month-to-month,29,5406.69,1.1668596614153042
C002698,B_smb,month-to-month,44,1594.37,1.183720740801295
C002699,C_individual,month-to-month,34,222.24,0.8583066789314543
C002700,C_individual,month-to-month,12,348.5,0.9953540871332185
C002701,C_individual,one-year,35,330.69,0.9191626271141649
C002702,B_smb,month-to-month,42,1613.58,0.7127131374272045
C002703,C_individual,month-to-month,42,485.99,0.9069194176009059
C002704,C_individual,month-to-month,35,514.92,0.8373837790553849
C002705,B_smb,month-to-month,35,1436.72,1.0501789499181924
C002706,C_individual,month-to-month,37,355.24,0.7552828141938522
C002707,B_smb,month-to-month,35,1040.27,0.8530677247813953
C002708,B_smb,month-to-month,6,1421.52,0.9220803794704698
C002709,C_individual,month-to-month,38,600.71,1.1155240337023002
C002710,C_individual,one-year,8,252.44,1.4166662418010683
C002711,B_smb,month-to-month,26,1080.13,1.045463493225433
C002712,B_smb,one-year,16,1544.54,0.8451833790769866
C002713,A_enterprise,one-year,10,5203.62,0.8981350296055716
C002714,C_individual,month-to-month,13,579.92,1.0987087121135117
C002715,B_smb,month-to-month,4,1832.55,0.79809932843237
C002716,C_individual,month-to-month,21,410.74,1.1645078951960295
C002717,C_individual,month-to-month,20,462.74,1.041011448194065
C002718,A_enterprise,one-year,19,3711.57,0.9812392730099785
C002719,C_individual,month-to-month,4,588.91,0.7472670740338391
C002720,C_individual,two-year,29,582.72,1.1380580683064785
C002721,C_individual,month-to-month,8,269.17,0.8857563264180622
C002722,B_smb,one-year,41,1758.76,1.0230538345483415
C002723,B_smb,one-year,1,1095.97,0.9764259616055327
C002724,B_smb,one-year,2,1404.12,0.7624300008304938
C002725,C_individual,two-year,14,122.7,0.9653971662869822
C002726,C_individual,two-year,19,376.7,0.8184574036212722
C002727,A_enterprise,month-to-month,46,2563.21,0.9021970995154475
C002728,B_smb,month-to-month,25,1446.39,1.064916917302464
C002729,C_individual,month-to-month,18,568.29,1.105368997124802
C002730,A_enterprise,month-to-month,40,3180.14,0.9972629710771787
C002731,B_smb,one-year,11,1516.39,0.8674085461833193
C002732,C_individual,month-to-month,43,430.99,0.9028882937687027
C002733,B_smb,month-to-month,19,1334.51,0.9002841038667335
C002734,B_smb,one-year,15,1417.94,0.6794403363867928
C002735,B_smb,month-to-month,14,1571.42,1.0109890267530486
C002736,B_smb,one-year,0,1531.71,0.7500887174563786
C002737,C_individual,month-to-month,32,444.07,1.011429356361322
C002738,C_individual,one-year,27,681.36,0.781084710499329
C002739,C_individual,one-year,30,370.82,0.8190618365979975
C002740,A_enterprise,month-to-month,31,4580.06,1.1002923445912032
C002741,C_individual,one-year,1,595.19,1.0036854089779204
C002742,B_smb,month-to-month,42,1590.34,0.7172736468087324
C002743,C_individual,one-year,24,271.54,0.9161803466001964
C002744,B_smb,one-year,33,1335.7,1.0392922812837713
C002745,C_individual,month-to-month,1,168.7,0.9071064065979871
C002746,B_smb,one-year,36,1206.13,0.9485272368282046
C002747,B_smb,two-year,32,1655.48,1.0366108680285948
C002748,B_smb,one-year,17,1814.95,1.0067054846866288
C002749,A_enterprise,one-year,44,3439.73,0.8511615560575215
C002750,B_smb,one-year,31,1454.12,1.0033453437914943
C002751,C_individual,month-to-month,43,485.74,0.9568983286474686
C002752,C_individual,one-year,39,383.44,1.2586177577463709
C002753,A_enterprise,two-year,9,3800.28,0.9845375826247756
C002754,C_individual,month-to-month,47,695.7,1.0202459015450995
C002755,C_individual,month-to-month,35,524.66,1.0389679379122636
C002756,C_individual,month-to-month,9,403.21,0.9516542973951159
C002757,C_individual,month-to-month,38,444.66,0.8920115725915951
C002758,C_individual,month-to-month,20,505.61,1.0689651542586518
C002759,C_individual,month-to-month,41,399.47,1.0701918614408275
C002760,C_individual,one-year,8,388.85,1.3123864780285033
C002761,C_individual,month-to-month,12,448.64,1.1113623100990688
C002762,A_enterprise,month-to-month,16,5090.43,1.113891894845312
C002763,B_smb,one-year,21,850.57,1.1076603097547917
C002764,A_enterprise,month-to-month,30,3968.55,0.8964516371660217
C002765,C_individual,month-to-month,10,554.28,0.8113039247928242
C002766,B_smb,one-year,33,1030.36,0.8494611039824687
C002767,C_individual,two-year,1,491.35,1.1031958199587097
C002768,C_individual,one-year,15,480.43,1.2132439831991713
C002769,C_individual,month-to-month,31,196.77,1.1101004158571666
C002770,B_smb,month-to-month,12,1355.83,0.9749597418402445
C002771,C_individual,two-year,20,477.19,1.251501179120283
C002772,C_individual,one-year,29,347.66,0.9334518354555731
C002773,A_enterprise,one-year,11,3065.91,0.8277770083490206
C002774,C_individual,one-year,46,351.36,1.0379487882996818
C002775,B_smb,month-to-month,40,1679.58,1.193779076118134
C002776,C_individual,month-to-month,46,492.94,0.873429980782414
C002777,C_individual,one-year,23,542.61,0.7442809315292072
C002778,B_smb,two-year,16,1420.94,1.0056556673102566
C002779,A_enterprise,month-to-month,47,2853.5,1.11571553486964
C002780,A_enterprise,one-year,34,4278.2,0.5553150422774548
C002781,A_enterprise,month-to-month,38,3256.61,1.1466052431785791
C002782,C_individual,two-year,8,435.9,0.7949804301108236
C002783,B_smb,month-to-month,41,1042.08,1.1087244642771947
C002784,B_smb,one-year,25,1804.67,0.7004948476269576
C002785,C_individual,month-to-month,37,360.07,0.7787722195885897
C002786,C_individual,one-year,39,580.55,1.0928077625330852
C002787,C_individual,one-year,5,517.81,1.1823654281729425
C002788,C_individual,month-to-month,4,450.27,0.9986288059194222
C002789,B_smb,two-year,3,1287.85,1.359301665115843
C002790,C_individual,two-year,30,294.68,0.8466106147094146
C002791,A_enterprise,two-year,43,3961.9,0.8446948556610309
C002792,C_individual,month-to-month,1,368.13,0.9546675420809667
C002793,C_individual,one-year,6,492.97,0.9475288496641004
C002794,C_individual,one-year,23,591.89,1.0425223261849201
C002795,C_individual,one-year,18,332.04,0.8885717126353481
C002796,C_individual,month-to-month,4,846.66,1.0851265826727652
C002797,B_smb,one-year,29,1500.81,1.0815413532598157
C002798,C_individual,month-to-month,43,493.28,1.2420071657214489
C002799,C_individual,month-to-month,10,450.32,0.9264334503232367
C002800,C_individual,month-to-month,0,455.54,1.0505456388814287
C002801,B_smb,month-to-month,10,1461.17,1.0908763122973095
C002802,A_enterprise,month-to-month,8,3668.69,0.9989155849382079
C002803,C_individual,month-to-month,22,347.53,0.9682500413666689
C002804,A_enterprise,one-year,5,4118.95,0.6904359404006185
C002805,B_smb,one-year,17,1562.85,1.012509019527379
C002806,B_smb,month-to-month,5,1354.68,1.0893247821807985
C002807,C_individual,one-year,32,600.06,0.9913276054985738
C002808,B_smb,two-year,22,1322.71,0.8826587378570288
C002809,B_smb,two-year,3,1295.35,0.7481177363815773
C002810,A_enterprise,two-year,2,4247.2,1.0679586899859255
C002811,C_individual,two-year,23,446.73,1.0049695417050717
C002812,C_individual,one-year,28,305.07,1.2084926830404141
C002813,A_enterprise,two-year,8,3464.34,0.7825904439497459
C002814,A_enterprise,two-year,15,2954.68,0.9294537101250873
C002815,C_individual,month-to-month,29,567.55,0.801803968130393
C002816,B_smb,two-year,22,1201.84,1.1537978573381702
C002817,C_individual,one-year,5,427.04,1.1858554888906587
C002818,B_smb,one-year,18,1408.16,1.2883875355828285
C002819,C_individual,two-year,9,326.34,1.0782136925594226
C002820,B_smb,month-to-month,44,1145.02,1.1183903826834964
C002821,C_individual,month-to-month,38,494.07,1.0654125636051501
C002822,A_enterprise,one-year,14,4421.64,1.085965865868097
C002823,C_individual,one-year,11,601.45,1.0073614833807572
C002824,C_individual,two-year,6,293.98,1.092824191536019
C002825,C_individual,two-year,35,536.42,1.3209989576241687
C002826,B_smb,one-year,44,1639.65,1.0328019091713156
C002827,B_smb,two-year,13,1904.47,1.0036010166098184
C002828,C_individual,month-to-month,30,515.34,1.0297112044535779
C002829,C_individual,two-year,11,565.74,0.9776362181481648
C002830,B_smb,month-to-month,44,1416.3,1.0369633231799016
C002831,B_smb,one-year,14,1620.12,0.9725503116693466
C002832,B_smb,month-to-month,4,1389.75,1.17159741329287
C002833,C_individual,one-year,42,501.65,1.1566089956183172
C002834,C_individual,month-to-month,45,591.03,1.3248902408581
C002835,C_individual,month-to-month,19,413.77,0.9964690014763155
C002836,C_individual,one-year,43,297.78,1.0432955752291018
C002837,B_smb,one-year,11,1550.55,1.0370459636775857
C002838,B_smb,month-to-month,13,1645.67,1.02993894538483
C002839,A_enterprise,one-year,25,3731.6,1.1694990327659616
C002840,C_individual,month-to-month,28,575.74,0.7562523540418304
C002841,B_smb,month-to-month,18,1715.79,1.0691063069357227
C002842,B_smb,month-to-month,38,1337.82,1.299365392877557
C002843,B_smb,one-year,37,1535.92,1.2044419094757755
C002844,B_smb,one-year,5,1823.81,1.1872850185876307
C002845,C_individual,one-year,47,401.46,1.126309150159696
C002846,B_smb,two-year,7,2004.27,0.9106327881811699
C002847,A_enterprise,one-year,25,4033.86,0.8875235830315175
C002848,C_individual,one-year,20,493.97,0.8886955486658324
C002849,B_smb,two-year,21,1401.98,0.8292317826977758
C002850,B_smb,month-to-month,6,1384.72,1.1419912873503681
C002851,B_smb,month-to-month,16,1009.13,1.2202544879080022
C002852,C_individual,month-to-month,1,489.06,1.065164000823291
C002853,B_smb,one-year,46,1013.49,1.120717795641637
C002854,C_individual,one-year,6,333.97,1.0440203268575148
C002855,C_individual,month-to-month,23,440.73,1.0853139132548952
C002856,C_individual,two-year,10,549.32,0.6824425289880288
C002857,B_smb,two-year,8,1199.83,1.0472015327932596
C002858,C_individual,month-to-month,18,544.82,0.936169022973285
C002859,B_smb,month-to-month,46,1638.96,0.9939759778546274
C002860,B_smb,month-to-month,22,1372.54,1.033864706875911
C002861,C_individual,month-to-month,46,588.14,0.8926598754927473
C002862,B_smb,two-year,39,1350.91,0.8386585174039868
C002863,A_enterprise,one-year,20,5357.49,0.888107447674978
C002864,B_smb,month-to-month,43,1023.87,0.7827498238418215
C002865,A_enterprise,month-to-month,16,2659.09,0.8267189703387611
C002866,B_smb,month-to-month,24,1750.71,0.8473163024542667
C002867,C_individual,month-to-month,32,437.2,0.7847374817125323
C002868,C_individual,month-to-month,28,473.88,1.07931631926372
C002869,A_enterprise,one-year,39,3349.63,0.8649255098427596
C002870,C_individual,one-year,7,313.28,0.7205237788565769
C002871,B_smb,two-year,23,1531.75,0.9398120437922762
C002872,A_enterprise,month-to-month,31,5136.02,0.8330166113552734
C002873,B_smb,one-year,15,1366.52,1.2188623980963886
C002874,A_enterprise,month-to-month,41,3352.46,1.0199371583480235
C002875,B_smb,month-to-month,14,1426.85,0.7794280199745619
C002876,B_smb,two-year,14,1119.11,1.0853045217616486
C002877,B_smb,one-year,15,1041.13,1.0127463564800034
C002878,C_individual,month-to-month,32,589.55,0.9642086314561825
C002879,A_enterprise,month-to-month,5,4012.06,1.2361928901536365
C002880,B_smb,one-year,6,710.37,0.8536718687491257
C002881,A_enterprise,two-year,37,4726.62,1.1552719234155144
C002882,C_individual,one-year,9,662.32,0.9385717296982383
C002883,B_smb,month-to-month,5,1183.37,0.997246530506645
C002884,C_individual,month-to-month,12,672.3,0.8875260689412207
C002885,B_smb,month-to-month,19,1379.65,0.897088797244967
C002886,A_enterprise,month-to-month,1,4646.28,0.9345940722650734
C002887,C_individual,one-year,40,374.28,0.7148853102059809
C002888,A_enterprise,one-year,5,3468.78,1.0519973781788847
C002889,A_enterprise,month-to-month,19,4165.9,1.0172340852457844
C002890,A_enterprise,one-year,9,4185.15,0.77534397383347
C002891,C_individual,one-year,14,666.52,1.098992952803206
C002892,C_individual,one-year,2,407.52,1.2185595270414074
C002893,C_individual,month-to-month,45,505.44,0.9003221647769287
C002894,C_individual,month-to-month,44,502.11,0.8822844894085105
C002895,A_enterprise,month-to-month,6,5329.81,1.1670119044203597
C002896,C_individual,month-to-month,9,436.74,1.0604877196669078
C002897,B_smb,month-to-month,42,1317.56,0.9796114402727816
C002898,C_individual,month-to-month,19,339.33,1.1221843209276268
C002899,B_smb,month-to-month,2,1594.68,1.041116551605196
C002900,B_smb,month-to-month,6,1249.93,1.2142750749707234
C002901,C_individual,two-year,19,338.08,0.9974868398950398
C002902,A_enterprise,one-year,26,3956.47,1.0639708378849289
C002903,C_individual,month-to-month,30,562.93,1.1647092213618904
C002904,B_smb,two-year,7,1451.97,0.63282566113448
C002905,C_individual,month-to-month,17,602.1,1.1701372111690336
C002906,C_individual,month-to-month,12,386.24,0.9242341310901082
C002907,A_enterprise,two-year,25,5040.68,1.0749921249660204
C002908,C_individual,month-to-month,15,499.37,1.2496190394298015
C002909,C_individual,month-to-month,9,255.97,0.9541151525691463
C002910,C_individual,month-to-month,39,474.44,0.93167226625827
C002911,A_enterprise,one-year,27,4885.45,0.9917885527023523
C002912,C_individual,one-year,22,586.8,0.7821564505336213
C002913,C_individual,month-to-month,6,334.86,1.329868570801741
C002914,B_smb,month-to-month,3,1605.85,0.9936225113821947
C002915,B_smb,month-to-month,38,1495.61,1.2468385700398636
C002916,B_smb,one-year,46,1835.16,0.9500188760928238
C002917,C_individual,month-to-month,28,378.9,1.0051008382123445
C002918,A_enterprise,two-year,1,5761.65,1.1416396244948261
C002919,C_individual,one-year,23,411.99,0.834667809731297
C002920,C_individual,month-to-month,13,328.4,0.9846174672449965
C002921,A_enterprise,one-year,2,4341.43,1.1360203515680192
C002922,B_smb,month-to-month,6,1604.63,0.9680449070217756
C002923,C_individual,month-to-month,23,566.75,0.9275388892479635
C002924,A_enterprise,month-to-month,20,5412.42,1.1672842130363863
C002925,C_individual,month-to-month,27,570.49,1.2101673243288833
C002926,C_individual,one-year,33,159.2,1.2340199860838388
C002927,C_individual,two-year,12,239.02,0.8987513035017866
C002928,B_smb,month-to-month,13,1979.89,0.9131025999506827
C002929,C_individual,month-to-month,32,363.66,0.9292630013903665
C002930,C_individual,one-year,9,274.03,1.1077780877971355
C002931,B_smb,month-to-month,3,1346.36,0.8204803286646927
C002932,C_individual,month-to-month,40,479.08,0.8289495543167376
C002933,C_individual,two-year,10,431.04,0.8928492846975293
C002934,C_individual,two-year,5,506.16,0.8592666194172582
C002935,B_smb,two-year,35,1492.62,1.1326540457686949
C002936,B_smb,month-to-month,25,1239.94,1.1225457960688177
C002937,A_enterprise,month-to-month,7,3146.42,0.9277478152980121
C002938,B_smb,month-to-month,40,1373.35,0.9709199931560296
C002939,A_enterprise,two-year,11,3876.48,0.6190400243354583
C002940,C_individual,month-to-month,32,546.34,0.9313858490582273
C002941,B_smb,month-to-month,31,1921.49,1.1865930264344868
C002942,C_individual,month-to-month,39,341.66,0.9232270067239127
C002943,B_smb,one-year,34,2032.34,0.8361234497838952
C002944,B_smb,one-year,33,1268.3,1.2064337628519117
C002945,B_smb,one-year,2,1635.12,0.832827971314244
C002946,B_smb,month-to-month,45,1284.98,1.2319090321324553
C002947,C_individual,one-year,6,283.02,1.4331868743095357
C002948,C_individual,month-to-month,12,104.07,0.9835934079687617
C002949,C_individual,month-to-month,21,405.11,1.186566732957949
C002950,B_smb,month-to-month,13,730.48,0.749659933243583
C002951,C_individual,one-year,28,318.55,0.7430587867411316
C002952,A_enterprise,month-to-month,2,4604.85,0.8804908792993684
C002953,C_individual,two-year,21,324.4,1.1233629842910413
C002954,C_individual,month-to-month,16,559.5,1.0002616085613092
C002955,B_smb,month-to-month,31,1410.58,0.9720397324290191
C002956,B_smb,one-year,24,785.12,0.8063746398577754
C002957,A_enterprise,one-year,36,3587.83,0.9808975109763342
C002958,B_smb,month-to-month,7,837.27,0.9034582268738699
C002959,C_individual,one-year,45,576.52,0.8616256362615216
C002960,C_individual,month-to-month,18,653.71,0.8488957561771528
C002961,C_individual,month-to-month,16,237.33,1.028790882697192
C002962,A_enterprise,one-year,26,4744.83,0.8919509172127236
C002963,C_individual,one-year,7,553.24,0.9990223878294875
C002964,B_smb,month-to-month,39,1291.56,0.7346479304345244
C002965,C_individual,month-to-month,12,159.37,1.0754707811368684
C002966,B_smb,one-year,44,1523.84,1.0361070010564644
C002967,B_smb,month-to-month,7,1708.76,0.9652946115513581
C002968,C_individual,two-year,41,633.57,1.0242275437802901
C002969,B_smb,one-year,18,1496.54,1.1401252421286026
C002970,B_smb,two-year,29,1469.8,0.7826784961375897
C002971,C_individual,month-to-month,41,379.62,1.0100043725340233
C002972,A_enterprise,two-year,6,4591.28,0.8042290759391424
C002973,C_individual,month-to-month,16,456.82,1.013141246669742
C002974,C_individual,month-to-month,45,355.21,0.9611718958042076
C002975,C_individual,month-to-month,7,481.68,0.9962632569898864
C002976,C_individual,month-to-month,4,383.13,1.127261954454244
C002977,C_individual,two-year,25,138.93,1.1227764743017976
C002978,C_individual,one-year,1,530.16,1.1630063607220196
C002979,C_individual,one-year,47,518.78,0.9405433291022263
C002980,C_individual,one-year,43,473.97,1.1054756059705162
C002981,B_smb,one-year,9,1242.13,1.0759957423811817
C002982,A_enterprise,one-year,8,3405.12,0.9443186181153914
C002983,C_individual,two-year,37,548.31,1.0175804186327806
C002984,A_enterprise,one-year,24,5088.54,0.9801720627752865
C002985,B_smb,one-year,39,728.23,1.209232941810015
C002986,A_enterprise,month-to-month,46,2931.45,1.121532456353448
C002987,C_individual,two-year,19,470.18,0.9496201823935527
C002988,B_smb,month-to-month,12,1158.85,0.9391835819357803
C002989,C_individual,month-to-month,29,570.32,1.143642288802933
C002990,C_individual,two-year,30,339.73,1.200995398405422
C002991,C_individual,month-to-month,20,352.82,1.0473302609453121
C002992,B_smb,month-to-month,14,1072.6,1.0987858404326936
C002993,C_individual,month-to-month,12,381.99,1.1954697227207378
C002994,C_individual,month-to-month,25,480.65,0.973782140214853
C002995,B_smb,two-year,20,1502.34,1.0125205945820581
C002996,C_individual,two-year,21,396.85,1.073009246907002
C002997,B_smb,month-to-month,4,676.62,0.9356502489888836
C002998,C_individual,two-year,42,437.65,1.2548567480027892
C002999,A_enterprise,one-year,33,3971.14,0.9342996032942441
C003000,C_individual,two-year,44,269.27,1.0091929461300793
C003001,C_individual,month-to-month,39,437.99,1.2874564137752407
C003002,B_smb,month-to-month,29,1472.25,0.7207336464718763
C003003,C_individual,month-to-month,14,430.35,1.032393770439487
C003004,A_enterprise,month-to-month,31,4249.08,0.9009150937575188
C003005,C_individual,one-year,27,412.9,1.0000253974566287
C003006,C_individual,month-to-month,44,395.28,0.819118002493123
C003007,A_enterprise,one-year,11,4022.8,0.9443682224216258
C003008,A_enterprise,one-year,1,4548.6,1.003716576265808
C003009,C_individual,month-to-month,6,302.8,1.0357480090804927
C003010,B_smb,month-to-month,8,1396.75,1.1343466927319816
C003011,C_individual,one-year,31,667.58,0.6514240709823351
C003012,C_individual,two-year,7,582.17,0.9811195895386011
C003013,C_individual,month-to-month,6,511.12,0.9737962091306976
C003014,B_smb,two-year,19,1503.08,0.9903582524394297
C003015,C_individual,two-year,37,434.67,1.004841337743
C003016,C_individual,one-year,20,341.84,0.875482290994348
C003017,A_enterprise,month-to-month,13,4253.78,0.7679504998082538
C003018,B_smb,one-year,13,1436.92,1.0325659158381595
C003019,B_smb,two-year,39,1614.52,0.8508622505780695
C003020,B_smb,month-to-month,20,1207.55,1.0604111980787818
C003021,C_individual,two-year,17,596.36,0.8594197672939954
C003022,B_smb,two-year,37,1072.81,1.103908297452239
C003023,C_individual,month-to-month,17,473.02,0.9918316380695793
C003024,B_smb,one-year,17,1909.7,1.00224369400891
C003025,A_enterprise,one-year,36,3277.49,0.9630482726773602
C003026,B_smb,one-year,15,1202.37,0.938996669528675
C003027,C_individual,two-year,24,528.2,0.9650524991605103
C003028,C_individual,month-to-month,31,400.26,1.1772475484569722
C003029,B_smb,month-to-month,9,1441.51,0.7698440848192637
C003030,C_individual,month-to-month,6,421.56,0.9027795492839662
C003031,A_enterprise,two-year,40,4260.16,1.158499078502061
C003032,B_smb,month-to-month,14,1302.59,1.1229659965437822
C003033,B_smb,two-year,16,1027.17,1.2015295556465935
C003034,C_individual,month-to-month,28,515.48,0.9911136521158534
C003035,C_individual,month-to-month,4,340.1,0.8022563296371195
C003036,C_individual,two-year,2,504.23,0.8338237319292361
C003037,A_enterprise,one-year,19,6011.07,0.9551933288334837
C003038,B_smb,month-to-month,46,1387.87,1.114104503302024
C003039,C_individual,month-to-month,27,499.42,0.9617982216618473
C003040,B_smb,month-to-month,27,1662.87,0.9502477711762363
C003041,C_individual,month-to-month,29,277.4,1.0595402514464078
C003042,C_individual,month-to-month,41,514.01,1.0041582198637975
C003043,B_smb,one-year,40,1092.86,0.9339117837367606
C003044,C_individual,month-to-month,1,675.65,0.8497730578950944
C003045,C_individual,month-to-month,25,516.84,1.1420429650359123
C003046,B_smb,month-to-month,26,1594.17,1.1571719839480525
C003047,C_individual,month-to-month,10,414.58,0.8413469698106902
C003048,C_individual,two-year,46,692.81,0.9396085482073687
C003049,B_smb,month-to-month,12,1568.53,1.1000459203454604
C003050,C_individual,month-to-month,40,520.34,0.8293506825845977
C003051,A_enterprise,one-year,4,4800.15,1.0547766188146883
C003052,C_individual,two-year,28,579.75,0.9510262020889628
C003053,C_individual,one-year,35,585.68,0.8174864114846128
C003054,C_individual,two-year,24,447.28,1.266601337981503
C003055,B_smb,two-year,5,1185.67,0.9487848533026549
C003056,C_individual,one-year,5,398.33,1.0786461070377436
C003057,B_smb,two-year,29,852.12,0.831824269027161
C003058,B_smb,month-to-month,41,1478.42,1.232850964695818
C003059,B_smb,two-year,28,1862.06,1.2921079563994062
C003060,C_individual,two-year,4,352.06,0.7746731435184281
C003061,B_smb,two-year,37,1318.29,0.9753159421017769
C003062,B_smb,month-to-month,22,1295.47,1.199183361951066
C003063,C_individual,one-year,3,489.91,0.9297351718723365
C003064,B_smb,month-to-month,17,2077.61,1.0613948374701856
C003065,B_smb,one-year,9,1527.34,0.747948163730469
C003066,B_smb,month-to-month,47,1669.4,0.8817546354145425
C003067,B_smb,one-year,43,1661.06,1.0457565601517655
C003068,C_individual,one-year,5,553.74,0.911580719730304
C003069,B_smb,month-to-month,27,1609.56,0.9459197076757928
C003070,A_enterprise,month-to-month,0,3737.25,0.7726638716755923
C003071,C_individual,month-to-month,21,631.2,1.0981099519168676
C003072,C_individual,one-year,7,463.93,0.7990632607192368
C003073,C_individual,one-year,35,498.44,1.2311040043563297
C003074,C_individual,one-year,3,544.07,0.8975962412169292
C003075,C_individual,month-to-month,43,326.92,1.1201054671885682
C003076,B_smb,two-year,11,872.92,1.1053306604972715
C003077,C_individual,one-year,12,472.11,0.8522382574704658
C003078,C_individual,month-to-month,42,693.23,0.9136364247301045
C003079,B_smb,month-to-month,43,1760.72,0.9313842313529048
C003080,B_smb,month-to-month,4,1476.98,0.9415520288646583
C003081,A_enterprise,month-to-month,5,3324.83,0.8053497573795616
C003082,C_individual,month-to-month,40,445.87,1.0800803858978534
C003083,C_individual,month-to-month,46,596.17,0.8966878365600581
C003084,C_individual,month-to-month,23,692.57,0.9828738921295811
C003085,B_smb,month-to-month,7,1686.76,1.1509530241734194
C003086,B_smb,month-to-month,7,1296.06,1.0857695646141157
C003087,B_smb,two-year,12,1473.07,0.9068041219803925
C003088,C_individual,one-year,32,386.46,1.1561398347839331
C003089,C_individual,month-to-month,4,287.71,1.0998309659585632
C003090,C_individual,one-year,30,388.13,0.8941232872799281
C003091,C_individual,one-year,38,517.83,0.9228928275655066
C003092,C_individual,month-to-month,6,475.46,1.150075618599561
C003093,C_individual,month-to-month,47,657.25,1.1168014233723138
C003094,B_smb,month-to-month,47,1573.94,0.7746152122803744
C003095,A_enterprise,one-year,14,4472.35,0.8491611057603543
C003096,A_enterprise,month-to-month,5,4139.68,1.1043068740523507
C003097,B_smb,month-to-month,15,1498.69,0.8238438173377193
C003098,B_smb,one-year,12,1138.92,1.1207406756573777
C003099,B_smb,two-year,13,1561.05,1.2903680589718038
C003100,C_individual,month-to-month,44,534.67,1.0559934401153606
C003101,B_smb,one-year,7,1922.2,0.861551747593254
C003102,C_individual,month-to-month,15,331.35,1.026475859569112
C003103,C_individual,one-year,37,303.77,1.1551919532591266
C003104,C_individual,one-year,2,443.89,1.0148365637253602
C003105,C_individual,one-year,2,425.89,1.0725754732079333
C003106,B_smb,month-to-month,14,1477.33,0.8800880494221639
C003107,C_individual,month-to-month,46,434.25,0.8914494790780305
C003108,B_smb,two-year,40,1151.94,1.135908544949193
C003109,C_individual,month-to-month,44,196.54,0.8931906649427661
C003110,B_smb,two-year,41,2130.48,0.6120695336716259
C003111,B_smb,month-to-month,5,1427.42,0.9540501138589605
C003112,C_individual,month-to-month,19,422.15,1.0471294058540561
C003113,C_individual,month-to-month,25,383.04,1.158776590177196
C003114,B_smb,month-to-month,7,1541.35,1.2468663413124463
C003115,C_individual,two-year,47,337.22,1.012704991251894
C003116,B_smb,month-to-month,28,1071.61,1.098792575365258
C003117,C_individual,one-year,40,421.3,1.018093952558779
C003118,B_smb,one-year,12,1388.01,1.0531105221615675
C003119,B_smb,two-year,34,1274.89,0.9719710740826314
C003120,B_smb,one-year,5,1132.61,1.0579662213497285
C003121,B_smb,two-year,1,1282.71,0.8905115758373884
C003122,B_smb,two-year,30,1259.11,1.297012825488877
C003123,B_smb,month-to-month,3,1217.49,0.641315870116687
C003124,B_smb,two-year,13,1482.95,1.0856329951764918
C003125,B_smb,two-year,38,2067.87,1.0479322526130208
C003126,C_individual,month-to-month,23,337.38,1.0556922662436363
C003127,A_enterprise,one-year,18,2802.44,0.8225773881560489
C003128,C_individual,month-to-month,13,229.8,0.7482781567910056
C003129,C_individual,one-year,32,618.12,1.0908662609087427
C003130,B_smb,month-to-month,45,1468.18,1.201150147773889
C003131,C_individual,one-year,35,391.84,1.0330343743545423
C003132,A_enterprise,month-to-month,17,3396.35,1.12079046399085
C003133,A_enterprise,one-year,20,3671.12,0.9312783113758898
C003134,C_individual,month-to-month,4,417.81,1.049736058885748
C003135,C_individual,one-year,6,668.72,1.1838489862189654
C003136,C_individual,month-to-month,12,553.11,0.9529678801781855
C003137,A_enterprise,one-year,18,4682.16,1.1778577152779504
C003138,C_individual,month-to-month,47,250.05,0.7548141595896698
C003139,B_smb,month-to-month,41,1483.23,0.9080495470884764
C003140,B_smb,month-to-month,5,1540.84,1.0818874187429346
C003141,B_smb,two-year,15,1174.57,1.2854216015735933
C003142,C_individual,month-to-month,2,491.83,1.0021410872646548
C003143,A_enterprise,one-year,3,3129.52,0.8449123678022749
C003144,C_individual,month-to-month,17,452.08,1.2820118274593637
C003145,C_individual,one-year,46,336.13,0.9810787480565943
C003146,C_individual,month-to-month,8,468.24,1.0997168310785208
C003147,C_individual,month-to-month,32,279.55,0.9498362816021366
C003148,C_individual,month-to-month,18,439.4,1.0213413851841837
C003149,B_smb,month-to-month,25,2015.24,0.9156824295338845
C003150,A_enterprise,month-to-month,41,3319.19,1.338646533489776
C003151,C_individual,month-to-month,39,503.24,1.1786847659406148
C003152,B_smb,one-year,39,1481.88,1.265218438957683
C003153,A_enterprise,two-year,19,3665.21,0.8817307258879004
C003154,B_smb,month-to-month,2,1082.26,0.7262464914766769
C003155,B_smb,two-year,47,1472.42,0.9560568516053031
C003156,A_enterprise,month-to-month,47,3667.45,1.3774708008610466
C003157,A_enterprise,month-to-month,41,4075.6,0.9517190331760713
C003158,C_individual,month-to-month,22,276.79,1.157768211176361
C003159,B_smb,month-to-month,13,1334.73,0.8462733878840136
C003160,C_individual,month-to-month,8,466.81,0.8756489543816592
C003161,C_individual,two-year,17,505.72,0.9880311597608756
C003162,A_enterprise,one-year,16,4359.67,1.3164541039438904
C003163,C_individual,one-year,13,322.89,1.165034925855888
C003164,C_individual,month-to-month,45,524.43,0.6920219120113081
C003165,C_individual,month-to-month,31,465.99,1.1000096181860968
C003166,A_enterprise,one-year,10,3782.13,0.8276897722392089
C003167,B_smb,month-to-month,30,1292.5,0.897765769695705
C003168,A_enterprise,month-to-month,33,2558.97,1.0765585607892294
C003169,C_individual,month-to-month,25,433.23,1.20976535657865
C003170,C_individual,month-to-month,45,428.81,1.202389841229014
C003171,C_individual,one-year,46,351.47,1.0497349951536037
C003172,C_individual,month-to-month,20,339.27,1.0518426177495999
C003173,C_individual,month-to-month,22,386.92,1.2019318097757203
C003174,C_individual,two-year,10,453.85,0.7636683924322928
C003175,A_enterprise,two-year,37,3351.87,1.2741032743255627
C003176,C_individual,month-to-month,44,563.37,0.8896027496913393
C003177,B_smb,month-to-month,31,1576.93,1.0390920471189276
C003178,A_enterprise,one-year,9,4222.08,0.9255620449257578
C003179,C_individual,month-to-month,24,643.99,0.8265986051605974
C003180,C_individual,month-to-month,38,455.02,1.0692385715555996
C003181,B_smb,month-to-month,2,1851.48,1.0354803540882243
C003182,B_smb,month-to-month,28,1072.44,0.984191044115093
C003183,B_smb,two-year,31,1453.79,0.9771001653874555
C003184,A_enterprise,one-year,25,4457.24,1.2288920587033785
C003185,A_enterprise,two-year,30,4364.65,1.3289204635229255
C003186,C_individual,one-year,43,395.09,1.1879353857491406
C003187,C_individual,one-year,5,223.26,1.0416112836292128
C003188,A_enterprise,one-year,27,3954.28,0.754409980789241
C003189,B_smb,one-year,38,1861.19,1.094073354552578
C003190,B_smb,month-to-month,39,1890.39,1.1007085528931793
C003191,A_enterprise,month-to-month,22,4315.92,1.1156999394107674
C003192,C_individual,one-year,47,563.06,0.8288528586201518
C003193,C_individual,month-to-month,15,313.76,1.1275095948708358
C003194,C_individual,month-to-month,21,668.19,1.2342379289114487
C003195,B_smb,month-to-month,39,1739.99,0.8526066551325738
C003196,C_individual,one-year,21,370.68,1.1026985946518175
C003197,A_enterprise,month-to-month,16,5482.32,0.8782335040323445
C003198,B_smb,month-to-month,26,1315.34,0.9843595487618196
C003199,C_individual,month-to-month,29,426.87,0.8576963196458004
C003200,C_individual,month-to-month,46,422.23,0.9473931532522354
C003201,C_individual,two-year,29,465.56,0.9485562012581906
C003202,C_individual,month-to-month,8,351.76,1.0618412418602796
C003203,C_individual,month-to-month,2,469.99,1.133553749635403
C003204,C_individual,month-to-month,46,319.15,1.1824266421837868
C003205,B_smb,two-year,20,1407.19,0.9022050951615491
C003206,A_enterprise,one-year,9,5710.21,1.0539802768886175
C003207,A_enterprise,month-to-month,10,3868.4,0.8352753401806792
C003208,A_enterprise,month-to-month,5,4063.48,0.9833967944204197
C003209,A_enterprise,one-year,9,3530.51,1.0064111279736303
C003210,B_smb,two-year,37,1283.67,0.861619471495537
C003211,C_individual,month-to-month,31,454.14,1.0838658626907511
C003212,C_individual,month-to-month,28,431.78,0.9766368075670833
C003213,C_individual,month-to-month,0,765.59,1.0231553800171835
C003214,A_enterprise,month-to-month,32,3529.17,1.1836762789731883
C003215,C_individual,one-year,46,129.92,0.9358484960807891
C003216,B_smb,two-year,44,1472.02,1.1275297409755491
C003217,A_enterprise,two-year,18,3879.59,1.2164317294094256
C003218,B_smb,one-year,28,1312.47,1.2072405252672316
C003219,B_smb,month-to-month,14,1814.71,0.9717797205618314
C003220,B_smb,two-year,42,1563.56,0.8541006732286855
C003221,C_individual,month-to-month,44,322.21,0.8935102512985291
C003222,C_individual,month-to-month,10,565.55,0.761997620010888
C003223,C_individual,one-year,23,444.18,1.1029028071672131
C003224,A_enterprise,month-to-month,11,5687.91,1.1122128631151509
C003225,C_individual,two-year,29,454.86,1.0176097976031415
C003226,C_individual,two-year,14,561.43,0.7935796176773985
C003227,B_smb,one-year,33,1496.79,0.9452073526277635
C003228,C_individual,one-year,47,641.35,1.2070388730242536
C003229,B_smb,month-to-month,41,1324.57,1.0914495975395226
C003230,B_smb,month-to-month,8,1739.42,1.1174572294835778
C003231,A_enterprise,one-year,6,4277.76,1.4962088987782174
C003232,C_individual,one-year,39,453.25,1.0492111999735731
C003233,A_enterprise,two-year,3,3752.45,0.6762018872197785
C003234,B_smb,month-to-month,19,1854.04,0.8348350072455824
C003235,A_enterprise,month-to-month,47,3879.4,1.0458333486744564
C003236,C_individual,month-to-month,21,195.9,1.002810864297781
C003237,B_smb,one-year,0,1805.27,0.9742018450866666
C003238,B_smb,one-year,46,1562.63,0.9768352437989639
C003239,B_smb,two-year,33,1172.71,0.8823346941852976
C003240,C_individual,month-to-month,15,314.83,1.0560721582302968
C003241,C_individual,month-to-month,29,165.87,1.2091541140007949
C003242,C_individual,month-to-month,29,654.11,1.2598507977891353
C003243,B_smb,month-to-month,26,1234.02,1.2555975240708965
C003244,A_enterprise,month-to-month,46,5436.04,0.8566049993980688
C003245,C_individual,one-year,37,545.4,0.9969737032460666
C003246,B_smb,month-to-month,12,1572.14,0.952923988366912
C003247,C_individual,month-to-month,47,149.83,1.0887959695526432
C003248,C_individual,one-year,46,394.54,0.987595541985009
C003249,B_smb,two-year,2,1603.31,0.9661558768010519
C003250,C_individual,month-to-month,14,504.08,1.218186893293358
C003251,C_individual,month-to-month,29,316.69,1.0147567635046337
C003252,B_smb,one-year,42,1093.49,1.01862754368214
C003253,B_smb,one-year,34,1464.11,1.0619857268922719
C003254,A_enterprise,two-year,27,3287.67,1.1014290654069365
C003255,C_individual,month-to-month,14,413.18,1.10229338070426
C003256,A_enterprise,one-year,4,3805.59,1.2328206013448204
C003257,B_smb,two-year,42,1190.96,0.8071575964755305
C003258,C_individual,month-to-month,25,555.07,1.0486693534789604
C003259,A_enterprise,month-to-month,21,5622.49,0.9846430804698221
C003260,A_enterprise,two-year,47,4546.98,0.954868188449854
C003261,C_individual,month-to-month,7,421.58,1.1136670942439735
C003262,A_enterprise,one-year,12,4741.19,1.1944814405940776
C003263,B_smb,two-year,41,1519.9,0.9112360966373446
C003264,B_smb,month-to-month,13,1561.26,1.2530406256689361
C003265,B_smb,one-year,45,1689.8,0.7852528524869915
C003266,B_smb,month-to-month,41,1475.55,1.088539215774008
C003267,C_individual,two-year,4,461.45,0.8663971293017708
C003268,C_individual,two-year,21,175.76,0.9037342069059414
C003269,A_enterprise,two-year,36,2998.86,1.0090119254453376
C003270,C_individual,month-to-month,23,585.55,0.9401765617503293
C003271,C_individual,one-year,10,427.25,0.5705085028494785
C003272,C_individual,two-year,2,449.71,1.0917204342231264
C003273,C_individual,one-year,0,290.01,1.1169640877140543
C003274,C_individual,one-year,8,449.47,0.9758404881912892
C003275,C_individual,month-to-month,12,404.92,0.9640542171758051
C003276,B_smb,two-year,14,1222.79,0.944066485982751
C003277,C_individual,month-to-month,41,274.58,0.7432802095619924
C003278,B_smb,month-to-month,24,1331.42,0.7274067613870401
C003279,A_enterprise,two-year,6,5237.36,1.1205447567191371
C003280,C_individual,two-year,3,408.06,1.1597051054388552
C003281,A_enterprise,two-year,6,5054.67,1.0895244272436222
C003282,B_smb,month-to-month,15,1066.69,1.056888052128913
C003283,A_enterprise,month-to-month,35,4911.92,1.117407934799706
C003284,B_smb,month-to-month,2,2269.55,1.1074165348548033
C003285,C_individual,month-to-month,19,611.48,0.8822267852112939
C003286,C_individual,two-year,21,494.77,1.0333691112651127
C003287,B_smb,one-year,7,1075.57,0.9555890949807834
C003288,A_enterprise,month-to-month,2,3466.39,0.9575705853179811
C003289,B_smb,month-to-month,11,1429.13,1.1710306982067729
C003290,B_smb,month-to-month,7,1618.41,1.2361992099566546
C003291,C_individual,two-year,38,487.26,0.6480486454094744
C003292,C_individual,one-year,44,514.51,0.9617388614435692
C003293,B_smb,month-to-month,29,1002.39,0.9538844931910774
C003294,B_smb,month-to-month,36,1364.13,1.1742207415032506
C003295,C_individual,month-to-month,36,510.28,0.7824436735474122
C003296,C_individual,month-to-month,42,302.26,0.5515632982862659
C003297,B_smb,two-year,4,1511.84,1.1231402651130953
C003298,B_smb,one-year,47,1032.52,1.1444400903780836
C003299,A_enterprise,month-to-month,21,2973.32,0.732399325914743
C003300,C_individual,one-year,26,462.59,0.9813397426691721
C003301,B_smb,month-to-month,38,1370.19,1.22952721077181
C003302,B_smb,month-to-month,23,1319.66,0.8382934180211757
C003303,C_individual,one-year,12,523.19,1.0151577406542087
C003304,C_individual,month-to-month,0,547.27,1.0761943425853875
C003305,A_enterprise,month-to-month,8,5529.47,0.7858552646723623
C003306,A_enterprise,two-year,4,3334.07,0.9154237229424387
C003307,A_enterprise,two-year,18,4074.9,0.7463745448065732
C003308,C_individual,month-to-month,37,241.51,0.9753202379328703
C003309,A_enterprise,one-year,16,2843.14,0.8813509941023453
C003310,C_individual,month-to-month,28,529.22,1.0311528556879335
C003311,C_individual,one-year,8,141.05,1.0952237819000767
C003312,C_individual,month-to-month,28,449.59,1.2082943200317329
C003313,C_individual,one-year,45,428.34,1.3498421144177126
C003314,B_smb,month-to-month,15,1351.43,1.0311549775990902
C003315,A_enterprise,two-year,23,6596.1,0.952514476971143
C003316,C_individual,two-year,46,233.01,0.9438002281929523
C003317,A_enterprise,month-to-month,29,6086.51,0.855270052190655
C003318,A_enterprise,one-year,19,4460.13,1.0672232030292983
C003319,B_smb,month-to-month,5,1492.97,0.9257688617052295
C003320,A_enterprise,one-year,44,4435.87,1.0777078366159065
C003321,B_smb,month-to-month,29,2037.71,0.8600460214548001
C003322,C_individual,month-to-month,2,467.35,0.9300884905925678
C003323,C_individual,one-year,26,323.04,1.0648530125726696
C003324,C_individual,month-to-month,46,695.96,0.9812642092859076
C003325,C_individual,one-year,44,518.92,0.7119517841703882
C003326,B_smb,one-year,9,1689.24,0.9977210772163605
C003327,C_individual,month-to-month,19,615.22,0.87973394038176
C003328,C_individual,month-to-month,47,571.95,1.1772144274771985
C003329,B_smb,one-year,37,1554.07,1.145666670685232
C003330,C_individual,one-year,26,427.8,0.6575604408506479
C003331,B_smb,month-to-month,14,1622.56,1.1202248343253975
C003332,A_enterprise,month-to-month,36,4066.61,1.0583949379388315
C003333,B_smb,one-year,27,1682.93,0.7773935796730733
C003334,B_smb,one-year,25,1115.5,1.1317485178946813
C003335,B_smb,two-year,44,1239.43,0.8080173107639176
C003336,C_individual,month-to-month,18,241.84,1.1718067172084774
C003337,C_individual,one-year,30,569.13,0.9030717453206009
C003338,B_smb,one-year,2,1733.43,0.7722929050279512
C003339,C_individual,month-to-month,34,502.21,1.318112185609843
C003340,B_smb,month-to-month,26,1729.19,0.7680507248573616
C003341,C_individual,month-to-month,42,285.02,0.8790963816867029
C003342,B_smb,two-year,15,1340.34,0.9085119388451329
C003343,A_enterprise,month-to-month,44,3770.55,0.9316497457710676
C003344,C_individual,one-year,27,531.83,1.1048172063214592
C003345,C_individual,one-year,9,428.42,1.0086867903281573
C003346,C_individual,month-to-month,7,736.73,1.1506454316299333
C003347,C_individual,two-year,9,438.56,1.055787576567797
C003348,C_individual,one-year,14,497.62,0.7490500074992167
C003349,B_smb,month-to-month,26,1503.86,1.0824785828654304
C003350,A_enterprise,one-year,41,4948.49,1.0350709783695422
C003351,A_enterprise,one-year,47,5010.04,0.9063056994259128
C003352,A_enterprise,month-to-month,32,3360.08,1.3110587998780459
C003353,B_smb,one-year,23,1274.65,1.0912522170230328
C003354,B_smb,one-year,29,1143.97,1.141259011461671
C003355,B_smb,month-to-month,15,1384.09,1.1464859443844884
C003356,C_individual,two-year,11,476.63,0.9369919730358
C003357,B_smb,one-year,25,1103.42,1.0950077714657533
C003358,C_individual,one-year,39,674.17,1.0474040355590404
C003359,C_individual,month-to-month,3,495.76,0.9164461873056697
C003360,B_smb,month-to-month,5,1621.64,0.8167625650413034
C003361,B_smb,month-to-month,8,1273.25,1.0036347396416514
C003362,C_individual,one-year,10,444.31,1.08803940232848
C003363,C_individual,one-year,7,288.44,1.002436440004537
C003364,B_smb,one-year,6,1506.49,0.9726532979552768
C003365,B_smb,month-to-month,1,1362.38,1.004103698484014
C003366,C_individual,one-year,16,399.37,0.9569531125584424
C003367,C_individual,two-year,34,537.23,1.2323978922708656
C003368,A_enterprise,one-year,7,4683.45,1.0405361239388817
C003369,B_smb,one-year,15,1031.11,0.927030600752412
C003370,C_individual,two-year,46,247.71,0.7287960785217296
C003371,A_enterprise,month-to-month,8,3606.23,0.9704187143482335
C003372,C_individual,one-year,47,379.58,0.9134764125364165
C003373,B_smb,two-year,24,1234.02,0.9079058578692607
C003374,C_individual,one-year,34,685.01,1.1413916948056044
C003375,B_smb,month-to-month,15,1233.72,1.0119603490786389
C003376,A_enterprise,two-year,15,3180.28,0.7476332152109691
C003377,C_individual,month-to-month,18,478.0,1.0928247770192172
C003378,B_smb,month-to-month,6,1100.62,0.7626945012134615
C003379,C_individual,month-to-month,15,299.54,1.1039979730398983
C003380,B_smb,month-to-month,42,1414.98,0.9287387139623248
C003381,C_individual,month-to-month,0,552.16,1.0130360817843482
C003382,C_individual,month-to-month,27,212.72,0.9962640067596565
C003383,C_individual,two-year,33,477.17,0.9777809750530492
C003384,B_smb,month-to-month,6,1634.05,1.0314285927851268
C003385,C_individual,one-year,5,411.39,1.012282634637993
C003386,C_individual,two-year,26,701.67,1.2804594044832478
C003387,C_individual,two-year,10,688.65,1.0335922618021665
C003388,B_smb,month-to-month,46,1059.46,1.037077965365502
C003389,B_smb,month-to-month,9,1155.62,0.8935718404250914
C003390,A_enterprise,one-year,6,3900.16,1.057134253560457
C003391,C_individual,two-year,15,376.64,0.8464613409293016
C003392,C_individual,one-year,15,339.51,1.172519159443983
C003393,A_enterprise,month-to-month,7,3333.06,0.7773477311116619
C003394,C_individual,one-year,31,685.37,0.8734511960854866
C003395,C_individual,one-year,16,636.01,0.7556300775947226
C003396,A_enterprise,one-year,25,4445.86,1.0629465613260922
C003397,A_enterprise,two-year,11,4110.15,0.9364189760633993
C003398,C_individual,one-year,4,226.25,1.1028890962373892
C003399,C_individual,one-year,2,577.7,0.8536613821936355
C003400,A_enterprise,one-year,2,4343.59,1.0797213246294968
C003401,C_individual,one-year,41,516.45,1.0869754932780429
C003402,C_individual,one-year,12,413.33,1.031769668247893
C003403,C_individual,month-to-month,14,612.28,1.0046310248283576
C003404,C_individual,one-year,27,540.43,1.0205798774899963
C003405,C_individual,one-year,4,586.49,0.863396123275291
C003406,C_individual,month-to-month,28,227.21,0.8387095695608069
C003407,B_smb,month-to-month,25,1529.64,1.0815808901896622
C003408,C_individual,one-year,37,662.95,0.9446963470424038
C003409,A_enterprise,one-year,5,2645.5,1.0680087943543677
C003410,C_individual,month-to-month,0,563.79,1.2326482690013505
C003411,A_enterprise,month-to-month,37,4384.12,0.9314263689414466
C003412,C_individual,month-to-month,17,462.73,0.9099864452100581
C003413,A_enterprise,two-year,2,4611.82,0.9513575186617111
C003414,B_smb,two-year,26,1305.28,1.005845668796502
C003415,B_smb,one-year,22,1539.29,1.0921208212907645
C003416,C_individual,month-to-month,45,392.61,0.995741964157538
C003417,C_individual,one-year,45,452.81,1.3117820506225055
C003418,A_enterprise,one-year,25,5116.27,1.063127427245667
C003419,C_individual,two-year,7,537.73,1.1171236584211968
C003420,C_individual,month-to-month,35,430.29,0.9944709372318966
C003421,B_smb,month-to-month,9,1472.86,1.1517746844293193
C003422,C_individual,one-year,40,195.71,0.9692090580379623
C003423,B_smb,month-to-month,28,1314.99,0.903366445190603
C003424,B_smb,one-year,17,964.21,1.1358017231040634
C003425,C_individual,one-year,47,502.63,0.9914067180278924
C003426,A_enterprise,month-to-month,24,4581.73,1.0367897044788035
C003427,C_individual,month-to-month,18,553.82,1.1472824096234624
C003428,C_individual,one-year,9,602.57,1.0208475239944965
C003429,C_individual,two-year,31,512.75,0.977612687539722
C003430,C_individual,month-to-month,12,521.72,0.9196905543250055
C003431,C_individual,month-to-month,7,648.83,1.1592521273272536
C003432,C_individual,one-year,5,541.34,0.9487410405909079
C003433,B_smb,month-to-month,30,1180.19,0.9923349277818174
C003434,A_enterprise,one-year,44,4163.76,1.043036149430963
C003435,C_individual,one-year,12,435.15,1.0424177803243615
C003436,B_smb,month-to-month,10,1395.85,1.1520549366594282
C003437,B_smb,one-year,29,1350.76,0.9895271311836384
C003438,A_enterprise,one-year,6,5186.78,1.2064576876936532
C003439,C_individual,month-to-month,4,659.86,0.9626864846188451
C003440,B_smb,one-year,30,1212.15,1.055614245195996
C003441,B_smb,two-year,25,872.04,0.9724338901255664
C003442,A_enterprise,one-year,1,4609.46,1.313970997191566
C003443,B_smb,month-to-month,11,1130.91,0.9474044903974076
C003444,C_individual,one-year,9,473.81,0.9609702139227295
C003445,B_smb,month-to-month,32,1676.15,1.0172111484200834
C003446,C_individual,one-year,31,680.65,0.9599839851415691
C003447,C_individual,one-year,35,379.45,1.0471732209722098
C003448,B_smb,month-to-month,4,956.3,1.1843632378442446
C003449,C_individual,month-to-month,40,299.28,1.0220956603702753
C003450,C_individual,two-year,10,602.07,1.0276404700627755
C003451,C_individual,month-to-month,47,630.41,0.965627517924253
C003452,A_enterprise,two-year,41,4205.06,0.9242389534175729
C003453,A_enterprise,one-year,22,4758.36,1.0144794651060334
C003454,C_individual,one-year,37,449.19,1.0011398859446938
C003455,C_individual,month-to-month,32,413.69,1.1759892558208416
C003456,C_individual,month-to-month,37,326.34,0.8561383111175658
C003457,C_individual,month-to-month,0,391.33,1.218180204317422
C003458,A_enterprise,one-year,4,4829.32,0.9779777344805368
C003459,C_individual,two-year,43,377.38,1.0222802027893851
C003460,B_smb,two-year,37,1226.82,0.8402745231254088
C003461,C_individual,month-to-month,29,236.84,1.0842905253581536
C003462,A_enterprise,month-to-month,14,4178.7,0.855928542640889
C003463,B_smb,month-to-month,20,1316.83,1.0560085444407543
C003464,C_individual,two-year,18,554.43,1.041354911136996
C003465,C_individual,month-to-month,20,472.64,0.95115683353259
C003466,C_individual,month-to-month,30,498.3,0.6902088553812703
C003467,B_smb,one-year,36,1208.19,1.3240937028530502
C003468,B_smb,one-year,18,1448.71,0.8418712906209992
C003469,C_individual,month-to-month,40,361.46,1.0409120260349218
C003470,B_smb,one-year,4,1271.86,0.8905290921920023
C003471,B_smb,month-to-month,38,1171.37,1.1572005081225871
C003472,C_individual,month-to-month,32,501.99,0.9430770496979656
C003473,B_smb,month-to-month,24,1095.63,0.887203783970344
C003474,C_individual,month-to-month,18,460.48,1.0892735080944824
C003475,B_smb,two-year,17,1255.66,0.8092064339689682
C003476,C_individual,one-year,17,407.9,0.9380082082313753
C003477,C_individual,one-year,45,448.15,1.1035367726041703
C003478,C_individual,month-to-month,1,541.65,1.2260263917077943
C003479,C_individual,one-year,30,363.61,0.8556382669570287
C003480,B_smb,two-year,47,1458.13,0.9082661708745191
C003481,C_individual,month-to-month,26,567.85,1.0528206513241591
C003482,C_individual,two-year,30,506.28,0.7003865349142789
C003483,C_individual,one-year,28,603.49,1.203643621550997
C003484,C_individual,one-year,24,622.3,0.8500754347793732
C003485,C_individual,month-to-month,30,286.74,0.9343885108560377
C003486,C_individual,one-year,43,484.6,1.039126657771194
C003487,C_individual,one-year,34,389.05,1.0076854972669096
C003488,B_smb,two-year,40,1329.51,0.8554575981073117
C003489,B_smb,two-year,26,1448.24,1.2582188344648955
C003490,C_individual,month-to-month,37,413.91,0.6137301263835161
C003491,A_enterprise,two-year,42,4914.88,0.8316988564708678
C003492,C_individual,two-year,10,377.17,0.9044837745064421
C003493,C_individual,one-year,41,448.36,0.8575443135929046
C003494,A_enterprise,month-to-month,32,3322.45,1.182933033937722
C003495,C_individual,month-to-month,21,242.97,0.7512484458466623
C003496,C_individual,month-to-month,37,586.46,1.2336194548183885
C003497,C_individual,month-to-month,8,447.8,0.9582799445071819
C003498,B_smb,two-year,33,1467.88,0.7958585999200541
C003499,C_individual,month-to-month,27,207.81,0.6848644278971051
C003500,B_smb,one-year,42,1485.07,0.9677304116836553
C003501,C_individual,one-year,29,277.08,0.8947044839323307
C003502,A_enterprise,one-year,25,4478.13,1.0354742236350725
C003503,C_individual,month-to-month,25,658.96,0.9324141583548567
C003504,C_individual,one-year,26,296.06,1.1433704006112233
C003505,C_individual,one-year,42,590.2,0.9786263206542167
C003506,B_smb,one-year,37,1534.24,0.9364137337409899
C003507,C_individual,month-to-month,4,198.7,1.1459881437650927
C003508,C_individual,one-year,25,305.42,1.0342254270160123
C003509,B_smb,month-to-month,13,1075.3,1.1161947505360343
C003510,C_individual,one-year,7,498.14,1.172299107564495
C003511,C_individual,month-to-month,41,260.32,0.9559299366818973
C003512,C_individual,month-to-month,41,453.8,1.0057371817501108
C003513,C_individual,two-year,45,548.83,1.1265705914776665
C003514,C_individual,month-to-month,18,569.83,0.6324015995850909
C003515,C_individual,two-year,20,400.46,0.984734896766525
C003516,C_individual,two-year,37,502.62,0.9662698969968554
C003517,B_smb,month-to-month,9,2268.56,1.0561078605466152
C003518,C_individual,month-to-month,2,552.29,0.8798335223217694
C003519,C_individual,month-to-month,20,556.97,1.1643171046880456
C003520,C_individual,two-year,30,463.62,0.8893355473455172
C003521,C_individual,one-year,21,438.66,0.9311474073579226
C003522,A_enterprise,month-to-month,10,4129.0,0.9003385054164897
C003523,B_smb,one-year,24,1394.48,1.1844822769360415
C003524,C_individual,month-to-month,45,583.45,0.6871634859992123
C003525,B_smb,one-year,13,1608.27,1.2680319970254166
C003526,A_enterprise,one-year,19,4836.43,1.2210055813151452
C003527,B_smb,month-to-month,15,1139.89,0.9152701993891558
C003528,C_individual,two-year,14,506.36,1.154038566250437
C003529,B_smb,month-to-month,31,1289.69,1.0195134753738395
C003530,A_enterprise,one-year,17,4003.11,1.2479367017251954
C003531,A_enterprise,one-year,29,5385.43,1.1425980561322386
C003532,B_smb,two-year,0,1364.31,1.3289716861939531
C003533,B_smb,month-to-month,31,1453.07,0.765677993505212
C003534,C_individual,two-year,5,411.67,1.0287018031975286
C003535,C_individual,month-to-month,18,512.39,0.7413844760256576
C003536,B_smb,two-year,41,1169.55,0.9221929452584474
C003537,C_individual,month-to-month,16,428.95,1.3374479199212699
C003538,B_smb,one-year,33,1678.34,1.070230067689205
C003539,B_smb,month-to-month,16,1237.04,1.1476811754933889
C003540,C_individual,two-year,43,323.65,1.0770907940445917
C003541,C_individual,two-year,45,409.23,1.0675692614788104
C003542,C_individual,month-to-month,43,182.04,0.9216478112321357
C003543,B_smb,one-year,18,1503.58,0.8937036399814757
C003544,B_smb,one-year,15,807.35,0.9176263498011894
C003545,B_smb,month-to-month,29,1078.92,0.5904408919503863
C003546,B_smb,one-year,39,973.48,0.987694213908293
C003547,C_individual,one-year,25,371.61,1.0359775033775742
C003548,A_enterprise,one-year,35,4751.58,0.9071169961073366
C003549,C_individual,month-to-month,42,654.56,0.9803977345991916
C003550,C_individual,two-year,36,503.79,1.0787572999660051
C003551,C_individual,month-to-month,17,295.69,1.1327203553656213
C003552,B_smb,one-year,11,1268.01,0.8203285454091963
C003553,C_individual,month-to-month,20,664.73,0.8807836388137602
C003554,B_smb,month-to-month,27,1711.09,1.1129439153956824
C003555,C_individual,month-to-month,40,466.86,1.0883510825389755
C003556,B_smb,month-to-month,14,728.32,1.201659812556084
C003557,C_individual,one-year,7,264.5,1.195438794588291
C003558,C_individual,one-year,15,569.75,1.3622309747071129
C003559,C_individual,one-year,28,552.45,0.956085119871573
C003560,C_individual,one-year,11,210.78,1.2367846005726368
C003561,C_individual,month-to-month,19,290.32,0.8619977944070595
C003562,C_individual,month-to-month,12,333.64,1.3591079271199453
C003563,B_smb,one-year,47,1035.12,1.0682045348792655
C003564,C_individual,one-year,24,359.87,1.0813029944140713
C003565,C_individual,one-year,34,498.16,1.1484888431143039
C003566,C_individual,month-to-month,24,428.19,0.796695505548829
C003567,B_smb,two-year,0,1621.89,0.8387867323546526
C003568,C_individual,month-to-month,12,509.51,1.0173510418590304
C003569,B_smb,one-year,40,1251.35,1.051857935511738
C003570,C_individual,month-to-month,24,447.72,1.312383088185547
C003571,A_enterprise,one-year,33,4207.46,0.8576200157178505
C003572,B_smb,month-to-month,36,1325.77,1.231028947729844
C003573,B_smb,one-year,26,1575.22,0.9601616116733337
C003574,B_smb,month-to-month,27,1087.23,0.9580713974812621
C003575,B_smb,one-year,11,1837.53,0.9754235721237902
C003576,C_individual,month-to-month,11,396.88,0.9542084291003708
C003577,B_smb,one-year,7,578.62,1.0729807488978749
C003578,C_individual,month-to-month,14,367.78,0.9407585377876314
C003579,A_enterprise,month-to-month,30,4029.52,0.7884314204602771
C003580,C_individual,one-year,44,664.05,0.9598285875640816
C003581,C_individual,month-to-month,21,409.5,1.0684958493479675
C003582,B_smb,month-to-month,28,1381.67,0.7896507994243119
C003583,C_individual,two-year,41,398.49,1.087274499424068
C003584,C_individual,two-year,32,447.68,1.177077946153
C003585,C_individual,two-year,12,488.62,1.221989622973169
C003586,B_smb,month-to-month,13,1218.49,1.050649599046485
C003587,B_smb,one-year,30,1891.57,0.7293024032062587
C003588,C_individual,one-year,13,684.55,1.0971430003188098
C003589,B_smb,month-to-month,11,1858.37,1.1450756990179458
C003590,C_individual,one-year,28,375.59,0.8955198742171161
C003591,B_smb,month-to-month,30,1252.39,0.9890975577417102
C003592,C_individual,two-year,12,551.57,1.0725399176567298
C003593,A_enterprise,one-year,2,3107.32,1.2680890679236718
C003594,A_enterprise,month-to-month,36,4226.31,0.9616225469191171
C003595,C_individual,month-to-month,18,491.55,1.1336883838667478
C003596,C_individual,month-to-month,30,415.41,1.047444643558716
C003597,C_individual,month-to-month,8,221.73,1.0299141295530796
C003598,C_individual,one-year,15,337.46,1.1995704216469658
C003599,B_smb,one-year,29,1186.47,0.8752866569545188
C003600,B_smb,one-year,5,647.9,1.0345609600443442
C003601,A_enterprise,month-to-month,15,4583.38,1.0040777917463055
C003602,C_individual,one-year,34,457.9,0.7739620063593594
C003603,B_smb,month-to-month,37,1593.01,1.1848875003189887
C003604,C_individual,month-to-month,16,420.42,1.1243525764752504
C003605,A_enterprise,two-year,5,3833.43,1.0050819106852258
C003606,A_enterprise,one-year,1,3590.83,0.9607931508466762
C003607,B_smb,one-year,26,1511.71,1.0000332864313575
C003608,B_smb,two-year,33,1385.77,1.106105736325142
C003609,B_smb,month-to-month,28,1960.2,1.0079342696301696
C003610,C_individual,two-year,19,537.8,0.8998749485299548
C003611,B_smb,one-year,1,1194.7,0.9224380639602826
C003612,C_individual,one-year,10,457.42,0.9981813441615519
C003613,C_individual,month-to-month,1,638.79,0.8601110270675701
C003614,C_individual,month-to-month,22,342.81,1.0499985598153352
C003615,C_individual,month-to-month,14,623.72,0.8810475601469351
C003616,B_smb,month-to-month,3,1384.78,0.8568492865806715
C003617,B_smb,month-to-month,29,1206.5,1.4789698056702545
C003618,B_smb,one-year,17,1236.3,1.290977711435872
C003619,C_individual,one-year,46,291.15,1.0215917561529875
C003620,C_individual,month-to-month,20,416.54,1.1276524400964554
C003621,B_smb,one-year,4,1233.74,1.1531422056281313
C003622,B_smb,two-year,33,1122.2,0.988683428321978
C003623,C_individual,one-year,33,643.5,1.0424133629534893
C003624,C_individual,one-year,44,381.26,0.9606744344376129
C003625,C_individual,one-year,33,321.81,1.1883505614602423
C003626,C_individual,month-to-month,17,480.44,1.1904149540618678
C003627,C_individual,month-to-month,32,531.49,1.2342878318038262
C003628,C_individual,two-year,38,472.57,1.0398997854638128
C003629,B_smb,one-year,24,1442.85,1.3251707452131716
C003630,A_enterprise,one-year,38,5648.28,0.9885473335363489
C003631,C_individual,two-year,46,461.39,1.3070395724641326
C003632,C_individual,month-to-month,36,393.55,0.9305050430954185
C003633,B_smb,month-to-month,24,1074.8,0.8053839534146284
C003634,C_individual,one-year,23,602.84,1.3041712040531577
C003635,A_enterprise,month-to-month,40,3742.97,1.0990565683734055
C003636,C_individual,one-year,41,410.63,1.0778683755382237
C003637,B_smb,two-year,12,1419.52,0.9459273106088301
C003638,C_individual,one-year,0,696.5,0.8732276368750526
C003639,C_individual,month-to-month,38,480.16,0.8874622488082577
C003640,B_smb,one-year,11,1238.73,1.020782092636903
C003641,A_enterprise,month-to-month,47,3150.19,0.9774699003325903
C003642,C_individual,two-year,1,395.34,0.7089130033207133
C003643,B_smb,month-to-month,43,1747.82,1.2540638819898589
C003644,A_enterprise,two-year,32,4262.04,0.9370432795365514
C003645,C_individual,month-to-month,14,559.29,1.1857614230348583
C003646,B_smb,month-to-month,1,1744.46,0.8941527901741526
C003647,B_smb,one-year,40,1306.3,1.0232263765343808
C003648,B_smb,month-to-month,5,1721.87,1.1458466964348315
C003649,C_individual,month-to-month,4,405.96,1.1251518884070224
C003650,B_smb,two-year,37,1424.12,0.9598059016347109
C003651,B_smb,two-year,32,1750.68,1.0763940868067288
C003652,B_smb,month-to-month,6,2125.74,1.1013920003491873
C003653,B_smb,one-year,16,1520.63,0.9778105686141024
C003654,B_smb,two-year,31,1385.58,0.8329422561492397
C003655,A_enterprise,two-year,31,5321.36,0.9063149560828111
C003656,B_smb,month-to-month,17,1755.27,0.9431156613940538
C003657,B_smb,month-to-month,19,1388.36,1.0039088168883232
C003658,C_individual,two-year,3,580.73,1.2388570672161872
C003659,A_enterprise,month-to-month,0,3990.09,1.1361223652384893
C003660,B_smb,month-to-month,46,1318.82,0.8775904364045989
C003661,C_individual,one-year,11,566.0,1.2754783442620174
C003662,C_individual,month-to-month,44,337.01,0.9881755487271359
C003663,C_individual,two-year,2,458.63,1.100842849400028
C003664,B_smb,month-to-month,47,1145.29,0.8591519732937579
C003665,B_smb,one-year,20,1144.71,0.9321644996063287
C003666,B_smb,two-year,38,1656.35,1.1556907676022026
C003667,A_enterprise,two-year,40,4723.91,0.8681691406120557
C003668,B_smb,two-year,16,1434.99,1.0082756933467738
C003669,C_individual,two-year,35,371.14,1.0706366121957727
C003670,B_smb,month-to-month,16,864.55,0.846559479949556
C003671,C_individual,two-year,37,416.69,0.7333702715455235
C003672,B_smb,two-year,46,1763.52,1.136107667467017
C003673,B_smb,one-year,38,1392.23,1.429507386448334
C003674,C_individual,month-to-month,34,273.62,1.068829926856063
C003675,C_individual,month-to-month,17,243.54,1.0976120557416351
C003676,B_smb,one-year,5,1148.44,0.8673891689079943
C003677,C_individual,one-year,24,276.29,1.2204512083742203
C003678,B_smb,month-to-month,6,1316.99,0.9434850871769171
C003679,A_enterprise,month-to-month,24,3730.9,1.1745575982280474
C003680,C_individual,one-year,41,357.53,1.0910946491814606
C003681,B_smb,month-to-month,5,1873.73,1.0947545393470985
C003682,B_smb,two-year,43,1498.35,1.088995926340494
C003683,B_smb,month-to-month,28,1803.1,1.084215269318748
C003684,B_smb,month-to-month,2,1873.65,1.0425085342009661
C003685,A_enterprise,month-to-month,34,3420.89,1.1453894593558325
C003686,B_smb,two-year,0,1482.46,0.8910926854850543
C003687,C_individual,two-year,29,562.12,0.9641769444262928
C003688,C_individual,month-to-month,24,469.77,1.2202132595293302
C003689,B_smb,month-to-month,35,1506.73,1.0259359530084626
C003690,A_enterprise,month-to-month,18,5261.49,0.9511090266436715
C003691,C_individual,month-to-month,5,528.74,1.1552304067005095
C003692,A_enterprise,one-year,18,3393.63,1.1256146928303439
C003693,C_individual,month-to-month,36,415.45,0.8050270942478959
C003694,C_individual,one-year,45,747.02,1.1094897296192885
C003695,B_smb,month-to-month,9,1602.16,1.0206006524515558
C003696,B_smb,month-to-month,16,1281.99,1.1067852321898928
C003697,A_enterprise,month-to-month,42,5072.12,1.0016057239292493
C003698,A_enterprise,month-to-month,15,4292.29,1.069645134557682
C003699,B_smb,month-to-month,11,1303.53,0.7253501211765164
C003700,C_individual,month-to-month,39,401.82,0.8657597260130573
C003701,B_smb,month-to-month,23,1340.42,1.1110151748476322
C003702,C_individual,two-year,27,557.94,1.3932154521570224
C003703,C_individual,month-to-month,23,426.22,1.0550912949247748
C003704,A_enterprise,month-to-month,28,5152.33,0.8960792953517638
C003705,B_smb,month-to-month,12,1260.0,1.0203115337126845
C003706,B_smb,one-year,35,1762.71,0.8659863571208835
C003707,C_individual,two-year,17,515.27,1.187473509644929
C003708,B_smb,one-year,25,1177.26,1.0072119707234248
C003709,C_individual,one-year,8,626.49,1.1579812051390554
C003710,C_individual,two-year,0,257.99,0.9769817541338701
C003711,C_individual,month-to-month,27,501.02,1.1712940814888773
C003712,C_individual,two-year,6,364.03,0.7564606897837024
C003713,C_individual,one-year,43,397.68,1.0036716952892615
C003714,C_individual,month-to-month,46,392.04,1.0809382939586043
C003715,C_individual,month-to-month,15,334.34,0.9597473686031501
C003716,C_individual,month-to-month,13,251.69,1.0539265067838761
C003717,C_individual,month-to-month,24,496.65,1.0513816034758041
C003718,C_individual,two-year,9,442.1,1.1573250040103482
C003719,B_smb,month-to-month,41,1444.95,1.0932289580191947
C003720,C_individual,one-year,4,541.1,1.0589392183426138
C003721,C_individual,two-year,21,504.23,1.131919547263104
C003722,C_individual,month-to-month,9,417.98,0.7970422336390118
C003723,B_smb,month-to-month,39,814.05,0.88713851227002
C003724,C_individual,one-year,6,572.16,0.7922111405111486
C003725,C_individual,two-year,21,743.38,1.0822902825027434
C003726,C_individual,month-to-month,40,400.21,1.0620720876244478
C003727,B_smb,month-to-month,21,1630.91,1.2077942605544592
C003728,C_individual,one-year,8,301.41,1.0527498978415715
C003729,C_individual,two-year,7,410.34,0.9052447816775858
C003730,C_individual,month-to-month,29,379.92,1.0201001217683718
C003731,C_individual,month-to-month,5,809.46,0.7186867902347109
C003732,C_individual,two-year,17,366.9,0.9387660586661876
C003733,C_individual,month-to-month,29,421.92,0.647934585241817
C003734,B_smb,month-to-month,18,1494.09,1.049278095870955
C003735,C_individual,one-year,39,514.05,0.9581052335602173
C003736,B_smb,month-to-month,33,1414.2,0.9801586491366672
C003737,C_individual,month-to-month,6,560.23,0.8602623706597036
C003738,C_individual,one-year,39,235.4,0.8996715190884595
C003739,B_smb,one-year,43,1099.29,1.1038924586333398
C003740,B_smb,one-year,9,1647.87,0.784589511571972
C003741,B_smb,month-to-month,17,966.01,1.0758531534639946
C003742,C_individual,one-year,18,415.53,0.878316695956956
C003743,C_individual,one-year,20,378.12,0.7478496131997464
C003744,A_enterprise,two-year,22,4680.36,1.183951582617362
C003745,C_individual,one-year,42,566.54,1.1993771134517177
C003746,B_smb,one-year,31,1424.55,0.9190798147601769
C003747,C_individual,two-year,43,490.72,0.9176087656698517
C003748,B_smb,two-year,16,1085.83,0.9623688051961651
C003749,B_smb,month-to-month,25,1442.28,0.8784902047709822
C003750,A_enterprise,two-year,5,4911.36,0.9049228970294141
C003751,C_individual,two-year,13,556.73,1.067509143253875
C003752,B_smb,month-to-month,28,1464.45,1.31108406796102
C003753,C_individual,month-to-month,8,260.66,0.9467935302186804
C003754,B_smb,one-year,46,1437.17,1.1534656287741267
C003755,B_smb,month-to-month,13,1616.92,1.0529337850252236
C003756,B_smb,one-year,7,1347.12,0.749164713757765
C003757,B_smb,one-year,37,1674.02,0.9963345880476585
C003758,C_individual,month-to-month,4,486.12,0.9774921815408499
C003759,B_smb,month-to-month,15,1672.35,1.2196806984622666
C003760,C_individual,two-year,9,443.85,1.225773007626947
C003761,B_smb,month-to-month,33,1730.23,1.0565199539120087
C003762,A_enterprise,one-year,40,2774.36,1.1821388781163262
C003763,B_smb,month-to-month,9,899.82,0.9780459899976373
C003764,A_enterprise,month-to-month,19,5855.02,1.167903406292302
C003765,C_individual,one-year,22,396.02,1.0150506198654057
C003766,C_individual,month-to-month,33,617.7,1.1646511939185615
C003767,B_smb,one-year,16,1507.32,1.1799115531593025
C003768,C_individual,one-year,25,465.94,1.1074676171243336
C003769,C_individual,month-to-month,24,273.97,0.8887618201580119
C003770,C_individual,month-to-month,0,512.3,0.936918411624639
C003771,C_individual,one-year,27,392.77,1.1128382968595236
C003772,C_individual,one-year,27,564.87,1.134019060558697
C003773,C_individual,one-year,47,292.66,1.023758521070833
C003774,C_individual,one-year,24,501.68,0.9531563306439935
C003775,B_smb,month-to-month,43,1408.27,1.0287083170193825
C003776,C_individual,month-to-month,16,523.9,0.9582286495187223
C003777,A_enterprise,one-year,33,4918.17,0.9590632784
C003778,C_individual,one-year,43,497.92,1.2940050199412596
C003779,C_individual,two-year,7,377.98,0.9286769481054119
C003780,A_enterprise,month-to-month,27,4804.59,1.0761682709838385
C003781,C_individual,one-year,44,397.86,1.0229386401650986
C003782,C_individual,one-year,26,473.04,0.816017926211902
C003783,B_smb,month-to-month,42,1016.29,0.8108472627530119
C003784,C_individual,one-year,20,486.46,0.9878323861014321
C003785,C_individual,one-year,42,337.59,0.7070957842713953
C003786,C_individual,month-to-month,30,670.52,1.2745608665130437
C003787,A_enterprise,month-to-month,22,3581.86,0.945757793446559
C003788,B_smb,month-to-month,10,1436.56,0.9335212643570213
C003789,C_individual,two-year,8,500.91,1.1834595583971694
C003790,B_smb,month-to-month,13,1187.03,0.9788920843201586
C003791,B_smb,month-to-month,36,1244.36,1.0976564760458583
C003792,A_enterprise,month-to-month,22,3549.85,0.9141123079664776
C003793,B_smb,month-to-month,18,1093.68,1.0068150155846072
C003794,C_individual,month-to-month,22,657.34,1.1452717235694778
C003795,C_individual,one-year,16,205.68,0.8707280093047801
C003796,C_individual,month-to-month,38,597.66,1.079160264945665
C003797,C_individual,month-to-month,18,452.39,0.6375232691879945
C003798,B_smb,month-to-month,22,1129.08,1.1898257158570271
C003799,B_smb,month-to-month,26,1096.04,0.916537539930356
C003800,A_enterprise,month-to-month,31,4804.93,0.987151377707042
C003801,B_smb,one-year,16,2007.74,0.9853069585787149
C003802,B_smb,one-year,3,1569.74,0.8537714796190762
C003803,B_smb,one-year,33,1000.14,0.84225544963569
C003804,A_enterprise,month-to-month,26,3911.51,1.078201676945544
C003805,B_smb,two-year,31,1172.33,1.0852503225025993
C003806,C_individual,one-year,26,239.23,0.8672089788120324
C003807,C_individual,month-to-month,24,500.24,1.081159559608827
C003808,C_individual,month-to-month,45,572.77,1.0836841262609302
C003809,C_individual,one-year,2,497.59,0.9432671354265394
C003810,C_individual,month-to-month,4,517.76,0.8059756846222971
C003811,A_enterprise,month-to-month,44,4023.43,0.9943685029798445
C003812,C_individual,one-year,42,505.53,1.054762283223494
C003813,A_enterprise,month-to-month,19,3468.19,0.9911702438527574
C003814,B_smb,two-year,25,1776.37,0.9111258904394447
C003815,B_smb,month-to-month,21,1615.44,1.070045409808031
C003816,B_smb,month-to-month,47,1191.94,1.1897986752222753
C003817,B_smb,month-to-month,21,2274.86,0.8844554703394469
C003818,C_individual,month-to-month,36,152.31,0.9552988708451409
C003819,C_individual,two-year,17,493.54,1.4114713901919118
C003820,C_individual,two-year,18,504.82,1.043630149462534
C003821,C_individual,two-year,32,354.66,0.8099789624369225
C003822,C_individual,one-year,19,301.92,0.9283626133719107
C003823,A_enterprise,month-to-month,0,3161.18,0.886461881370922
C003824,C_individual,month-to-month,8,526.76,1.0570589828192467
C003825,C_individual,month-to-month,41,491.48,1.0461590761573514
C003826,B_smb,two-year,17,1145.73,0.9045269222198437
C003827,B_smb,month-to-month,4,2032.42,1.2784466485618617
C003828,C_individual,month-to-month,45,481.43,1.0127699988523833
C003829,C_individual,one-year,47,476.35,0.9316404945749885
C003830,B_smb,one-year,23,1411.61,0.8168317332745066
C003831,C_individual,month-to-month,30,468.68,0.865785187057326
C003832,B_smb,one-year,36,1302.87,0.8130964270183906
C003833,B_smb,one-year,3,1341.68,0.9714147917317657
C003834,B_smb,two-year,14,743.96,0.8672554485897876
C003835,B_smb,month-to-month,26,1859.08,1.1175975994968639
C003836,C_individual,month-to-month,26,470.13,0.9123351792888973
C003837,A_enterprise,month-to-month,15,4920.63,1.1260301487455993
C003838,C_individual,two-year,0,349.35,1.073720099162445
C003839,B_smb,two-year,45,1397.69,1.0968261324016113
C003840,C_individual,one-year,29,277.49,1.1345123582614443
C003841,C_individual,month-to-month,36,412.68,1.2989985168346372
C003842,C_individual,month-to-month,20,505.7,0.8726503919743617
C003843,C_individual,one-year,24,590.54,1.1268998915103516
C003844,C_individual,month-to-month,21,264.72,1.0597178489633132
C003845,C_individual,one-year,20,461.89,1.1594920700771374
C003846,C_individual,two-year,32,441.81,1.0166196289072038
C003847,C_individual,month-to-month,47,454.5,1.1764016955303815
C003848,B_smb,month-to-month,37,1717.94,0.8062595299178763
C003849,B_smb,month-to-month,32,1522.2,0.8493537143867087
C003850,B_smb,month-to-month,0,1331.24,0.9146184638169319
C003851,B_smb,one-year,24,2206.71,0.9887875432508486
C003852,B_smb,month-to-month,45,1122.63,1.0069533950429959
C003853,B_smb,month-to-month,19,1632.04,0.8889959101237866
C003854,C_individual,month-to-month,26,400.72,0.8513691269075656
C003855,B_smb,month-to-month,15,2003.69,0.9017064792757608
C003856,C_individual,one-year,9,387.67,0.7436039912301392
C003857,B_smb,one-year,33,1580.35,0.9567797602080612
C003858,C_individual,one-year,15,554.22,0.9912390410857672
C003859,A_enterprise,one-year,28,4337.23,1.066155467454873
C003860,B_smb,month-to-month,28,1139.34,1.0250307577621935
C003861,A_enterprise,one-year,40,4840.46,1.269009722661722
C003862,C_individual,month-to-month,45,684.78,1.1218560015401866
C003863,B_smb,two-year,26,1469.93,1.1105970029414614
C003864,C_individual,month-to-month,2,619.98,1.0547052700735688
C003865,B_smb,month-to-month,27,1811.66,1.0803587761780666
C003866,C_individual,month-to-month,42,362.09,0.966889045043037
C003867,B_smb,one-year,22,1011.25,1.014943236802852
C003868,C_individual,month-to-month,27,367.33,1.2882335611925626
C003869,B_smb,two-year,36,1762.49,0.9894918145797491
C003870,B_smb,month-to-month,21,1370.98,0.8002202413591771
C003871,B_smb,two-year,19,1689.89,1.1045211937086854
C003872,A_enterprise,one-year,23,3415.07,1.131281298673616
C003873,A_enterprise,month-to-month,40,3898.64,1.0231785146301016
C003874,C_individual,month-to-month,23,524.37,0.7182481823192447
C003875,B_smb,month-to-month,15,1522.97,1.192990958936161
C003876,A_enterprise,two-year,28,3838.44,1.0344860089549002
C003877,C_individual,two-year,33,462.73,0.9534612309044488
C003878,A_enterprise,month-to-month,43,4043.68,1.1782088703404976
C003879,B_smb,month-to-month,42,912.67,0.6963042312379749
C003880,C_individual,month-to-month,37,586.8,1.0167791841824583
C003881,C_individual,month-to-month,36,476.34,0.918881001458357
C003882,C_individual,one-year,21,727.52,1.2238219350154675
C003883,B_smb,month-to-month,16,1280.63,1.0364324349391831
C003884,C_individual,month-to-month,27,385.15,0.8703017932709144
C003885,A_enterprise,two-year,33,4791.5,1.170735207865433
C003886,C_individual,one-year,24,274.39,0.6311451829640236
C003887,C_individual,one-year,9,354.12,1.0761852564060637
C003888,C_individual,month-to-month,0,303.96,0.8105062627087358
C003889,B_smb,two-year,2,1313.1,0.9306343536015924
C003890,A_enterprise,one-year,20,4344.78,0.9638984008084432
C003891,C_individual,one-year,37,594.61,1.1365168597920832
C003892,C_individual,month-to-month,37,438.11,1.3305117018091657
C003893,C_individual,two-year,38,329.7,0.7330670580405679
C003894,C_individual,one-year,34,637.12,1.0669456350497188
C003895,C_individual,two-year,1,100.0,1.3303684190498004
C003896,B_smb,one-year,42,1650.71,0.9140605469936068
C003897,B_smb,one-year,45,1485.77,0.9047501452416253
C003898,A_enterprise,one-year,40,3190.79,1.035391936816645
C003899,B_smb,two-year,21,1557.63,1.124325251886419
C003900,A_enterprise,month-to-month,10,4835.14,1.0986397060876165
C003901,C_individual,month-to-month,43,509.96,0.94619468485037
C003902,C_individual,one-year,8,377.73,0.8796194555742992
C003903,C_individual,one-year,37,274.91,1.1974194916806211
C003904,B_smb,one-year,46,1007.01,0.8838143860540791
C003905,C_individual,one-year,43,326.82,0.7125722416407374
C003906,C_individual,one-year,25,362.58,0.7819906720566157
C003907,C_individual,one-year,40,589.38,0.9135790263018135
C003908,C_individual,month-to-month,39,636.96,1.2238758292618146
C003909,C_individual,two-year,46,587.12,0.8217456928831065
C003910,C_individual,month-to-month,17,564.89,1.22828772488715
C003911,B_smb,one-year,30,1552.32,1.1960228349195943
C003912,C_individual,two-year,39,571.85,1.0337846732615732
C003913,B_smb,month-to-month,10,1330.06,0.6176358627665797
C003914,B_smb,month-to-month,10,1589.48,0.8223911031749297
C003915,B_smb,month-to-month,18,1741.97,0.9049695619922847
C003916,C_individual,one-year,17,530.71,1.2596052613600743
C003917,C_individual,month-to-month,36,298.28,0.9146248226688356
C003918,C_individual,month-to-month,44,531.4,0.8840601744916505
C003919,B_smb,two-year,7,1648.61,1.0282452928150025
C003920,B_smb,month-to-month,15,1569.13,0.7885711510300927
C003921,C_individual,one-year,44,296.09,0.9963067756677076
C003922,B_smb,one-year,28,1695.63,0.8802163986554231
C003923,C_individual,month-to-month,9,492.54,1.4031624670439629
C003924,B_smb,month-to-month,28,1363.61,0.862356416005042
C003925,C_individual,two-year,42,439.05,1.2894901998298562
C003926,C_individual,one-year,17,542.7,0.8289749483097064
C003927,C_individual,month-to-month,23,469.3,1.0394163125734588
C003928,A_enterprise,one-year,29,3101.39,1.0750470999808777
C003929,C_individual,one-year,40,467.24,1.0212646866534567
C003930,C_individual,month-to-month,27,581.95,1.012060118145808
C003931,C_individual,one-year,45,323.68,1.12921848011568
C003932,C_individual,month-to-month,36,156.3,1.0626051926131457
C003933,A_enterprise,month-to-month,20,3665.52,0.9740646451208075
C003934,B_smb,two-year,23,1113.94,0.8988350148917764
C003935,B_smb,month-to-month,33,1456.27,0.9751385982630837
C003936,B_smb,month-to-month,3,910.3,0.9732868016217092
C003937,C_individual,month-to-month,10,325.41,0.9703352659056595
C003938,B_smb,one-year,11,1316.38,1.0114299283893076
C003939,A_enterprise,one-year,38,3733.8,0.7886016828736038
C003940,A_enterprise,two-year,39,3801.81,0.8458631927068465
C003941,B_smb,month-to-month,39,1596.41,1.1247660644946564
C003942,B_smb,one-year,5,1310.38,0.6624373161601991
C003943,C_individual,one-year,14,586.7,1.1795548016049757
C003944,B_smb,month-to-month,14,838.98,0.9161618956390657
C003945,C_individual,month-to-month,1,514.33,1.250420769344345
C003946,B_smb,two-year,12,1282.95,1.1839323318333301
C003947,A_enterprise,month-to-month,20,3317.63,0.9508900096443812
C003948,C_individual,one-year,42,455.77,0.9664425407376458
C003949,B_smb,one-year,8,1438.96,1.23898912686769
C003950,B_smb,month-to-month,41,1122.71,1.1909851387650856
C003951,C_individual,two-year,39,415.12,1.1459110287764451
C003952,C_individual,two-year,7,392.7,1.1716286869532881
C003953,C_individual,month-to-month,12,433.48,0.8368717140924581
C003954,A_enterprise,one-year,21,4325.04,1.0307945950273092
C003955,C_individual,month-to-month,45,586.88,0.8844434947547417
C003956,C_individual,one-year,37,318.51,0.8330155700040459
C003957,C_individual,month-to-month,46,404.14,1.0245831623027444
C003958,A_enterprise,month-to-month,15,3696.94,0.9379236123124195
C003959,B_smb,month-to-month,43,1463.31,0.9750625547190533
C003960,B_smb,month-to-month,45,1840.81,0.9249947382798545
C003961,A_enterprise,month-to-month,28,5301.41,0.8118284329024893
C003962,C_individual,month-to-month,7,281.49,1.2545189639945216
C003963,B_smb,two-year,12,1832.31,1.0233739791131824
C003964,B_smb,month-to-month,6,1193.09,0.7836709635947491
C003965,A_enterprise,month-to-month,38,4796.31,1.02729563701425
C003966,B_smb,month-to-month,15,1873.89,1.228208469599615
C003967,B_smb,one-year,33,1469.14,1.143809122200264
C003968,B_smb,month-to-month,12,1636.01,0.9221916360840335
C003969,A_enterprise,one-year,46,3569.52,0.925793876322947
C003970,C_individual,one-year,37,461.29,0.8564386655267814
C003971,A_enterprise,month-to-month,18,3638.81,0.888661924380418
C003972,C_individual,two-year,22,593.87,0.900867083360232
C003973,B_smb,month-to-month,2,1110.7,0.7797592374299049
C003974,A_enterprise,one-year,6,4167.54,0.9334029836164203
C003975,B_smb,month-to-month,47,1309.19,1.0515967864712812
C003976,A_enterprise,one-year,39,5208.57,0.937900452362244
C003977,A_enterprise,two-year,40,5259.44,1.032603009080998
C003978,B_smb,month-to-month,30,1416.94,1.2432899840680136
C003979,C_individual,month-to-month,10,474.62,1.275349798128791
C003980,A_enterprise,month-to-month,5,3054.43,0.9898109312832882
C003981,B_smb,month-to-month,34,1640.88,1.1320273252641389
C003982,C_individual,two-year,15,594.43,0.9750030408495505
C003983,B_smb,one-year,0,1273.1,0.9268189078363056
C003984,B_smb,one-year,1,1771.83,0.8324761899132017
C003985,A_enterprise,two-year,26,2602.64,1.012991855884465
C003986,B_smb,two-year,40,1515.57,1.1626573423184987
C003987,B_smb,two-year,17,1427.51,0.808837013651799
C003988,C_individual,month-to-month,47,450.46,0.9569359540668837
C003989,C_individual,month-to-month,18,520.84,0.949698762878302
C003990,C_individual,month-to-month,35,561.04,1.0370318320824898
C003991,B_smb,month-to-month,11,1892.05,1.0394148541332864
C003992,A_enterprise,month-to-month,29,3376.71,1.0805853367638312
C003993,B_smb,month-to-month,13,1425.04,1.284547335405197
C003994,B_smb,month-to-month,37,1221.23,0.8694256292224805
C003995,A_enterprise,month-to-month,21,5380.11,0.8611821298133701
C003996,A_enterprise,month-to-month,2,2836.35,1.0371048320658416
C003997,B_smb,month-to-month,11,1792.79,1.2179085309253128
C003998,B_smb,month-to-month,16,1140.91,0.780643303668226
C003999,B_smb,month-to-month,22,1264.31,1.0497058541405644
C004000,C_individual,one-year,12,468.82,0.9697992118339965
C004001,B_smb,one-year,27,1950.37,1.128143225483777
C004002,C_individual,month-to-month,46,510.78,1.0942285167310595
C004003,B_smb,month-to-month,34,1235.58,1.0072775217722858
C004004,C_individual,month-to-month,14,511.87,1.0731283964708807
C004005,B_smb,month-to-month,32,1126.59,0.9012582919554448
C004006,B_smb,month-to-month,46,1558.37,1.1200336440871792
C004007,B_smb,two-year,11,1557.16,1.207978529692113
C004008,B_smb,month-to-month,11,1204.64,1.015024076361206
C004009,C_individual,month-to-month,1,334.01,0.9388070932300683
C004010,B_smb,one-year,40,1957.96,0.9782271888588293
C004011,B_smb,one-year,39,2208.91,1.118455995381322
C004012,C_individual,month-to-month,19,252.77,0.9937201055617215
C004013,A_enterprise,month-to-month,41,3625.8,0.820053476940072
C004014,C_individual,two-year,31,545.99,1.142815717435355
C004015,C_individual,month-to-month,46,410.09,0.852574661217159
C004016,B_smb,one-year,44,1309.42,1.0636741055395313
C004017,B_smb,one-year,46,1136.52,0.72004571731511
C004018,A_enterprise,month-to-month,18,3546.87,1.0162226181946235
C004019,C_individual,one-year,30,288.3,0.989755592118481
C004020,B_smb,month-to-month,8,1091.42,0.70493987660835
C004021,B_smb,month-to-month,42,1098.31,1.0499221760386837
C004022,B_smb,month-to-month,15,1360.58,0.8347959465038675
C004023,C_individual,two-year,21,322.21,1.012712789357826
C004024,C_individual,month-to-month,28,293.99,0.9382398549230042
C004025,C_individual,month-to-month,37,446.64,0.7779165358327061
C004026,C_individual,two-year,35,443.94,0.8431410932420581
C004027,C_individual,month-to-month,45,462.45,0.8551459545147276
C004028,B_smb,two-year,34,1401.99,1.1473619235344552
C004029,C_individual,one-year,38,474.34,1.1253723316913802
C004030,C_individual,one-year,27,485.64,1.3291752139528341
C004031,B_smb,one-year,19,1337.97,0.9232185488497423
C004032,C_individual,one-year,43,472.2,0.9183901092390434
C004033,C_individual,month-to-month,18,378.07,1.0202309393740934
C004034,A_enterprise,two-year,29,4536.34,0.9467100053810922
C004035,B_smb,two-year,13,894.83,0.9126155440010899
C004036,B_smb,two-year,23,1556.2,1.0081637273488426
C004037,C_individual,one-year,17,545.18,1.1055412926755888
C004038,B_smb,one-year,12,1514.08,0.6831788470889549
C004039,C_individual,one-year,39,480.63,0.9141698774283561
C004040,B_smb,month-to-month,36,991.89,0.7895810539398459
C004041,C_individual,month-to-month,33,536.19,0.9769253357857487
C004042,A_enterprise,one-year,3,3728.78,1.0648945003967787
C004043,C_individual,one-year,11,178.05,1.1675412740920996
C004044,B_smb,month-to-month,10,1444.1,0.9349381588172353
C004045,B_smb,month-to-month,34,1204.28,1.015940884028355
C004046,B_smb,one-year,42,1577.48,0.7476812888953622
C004047,B_smb,month-to-month,18,1193.7,0.8709301229834353
C004048,B_smb,two-year,15,1077.62,1.0310712954167591
C004049,C_individual,one-year,26,389.55,0.7961478348321064
C004050,C_individual,month-to-month,47,337.56,1.1855518099421356
C004051,C_individual,month-to-month,17,365.06,1.0785274611758304
C004052,C_individual,one-year,13,325.18,0.8643127639183823
C004053,B_smb,month-to-month,25,818.16,0.7776754206374533
C004054,C_individual,two-year,43,456.71,0.8921054075953683
C004055,C_individual,month-to-month,35,720.34,0.8651019952880505
C004056,B_smb,month-to-month,24,1575.82,0.8174503445928444
C004057,C_individual,month-to-month,35,520.67,0.7889784539174214
C004058,B_smb,one-year,0,1444.84,0.9654399846685123
C004059,C_individual,two-year,36,423.81,1.1098391185043301
C004060,C_individual,two-year,4,458.72,0.8933376650935241
C004061,C_individual,month-to-month,18,373.53,1.0667325291727896
C004062,B_smb,two-year,16,2105.18,0.9508385998982289
C004063,C_individual,month-to-month,33,500.42,1.0918475037371533
C004064,A_enterprise,one-year,11,3579.81,0.8820283615451279
C004065,C_individual,two-year,11,289.57,1.0421487201236141
C004066,B_smb,month-to-month,42,1922.25,1.0180196962519585
C004067,C_individual,two-year,22,516.36,1.2043479158461108
C004068,C_individual,month-to-month,35,379.17,1.0838114783400292
C004069,B_smb,month-to-month,27,1721.3,1.0384010706635454
C004070,B_smb,one-year,29,1633.7,0.7795167578004313
C004071,C_individual,two-year,32,141.23,0.9212127498521087
C004072,B_smb,month-to-month,32,1825.4,0.8799402868111027
C004073,B_smb,two-year,43,1492.47,0.8766692244017555
C004074,A_enterprise,month-to-month,37,4350.52,1.0023260054627965
C004075,B_smb,one-year,14,1444.17,1.0361231617829185
C004076,C_individual,one-year,8,515.33,1.0419911696240893
C004077,C_individual,month-to-month,40,277.43,1.1892165829110666
C004078,B_smb,one-year,17,1240.2,1.0725323895947552
C004079,B_smb,one-year,14,1544.94,0.8158223695302672
C004080,B_smb,one-year,5,949.74,1.030381132560261
C004081,B_smb,month-to-month,26,1439.85,1.08765661516354
C004082,C_individual,month-to-month,24,453.13,1.1893283533643366
C004083,B_smb,two-year,39,1602.71,0.9768712584467402
C004084,C_individual,one-year,35,385.07,0.9783298720746442
C004085,C_individual,two-year,34,444.95,1.1618344839831438
C004086,C_individual,one-year,25,370.21,1.0267875034098166
C004087,C_individual,two-year,41,452.95,0.7602387517831474
C004088,A_enterprise,month-to-month,47,3740.77,0.7280692475230622
C004089,B_smb,month-to-month,39,1151.87,1.2761165404195223
C004090,A_enterprise,one-year,16,5270.79,0.7429408466096954
C004091,C_individual,month-to-month,13,446.07,0.9749182163921059
C004092,C_individual,month-to-month,0,353.92,1.1324675461633746
C004093,B_smb,one-year,47,1239.47,0.7353089332472521
C004094,B_smb,two-year,35,1831.17,0.8377659074325208
C004095,B_smb,one-year,44,958.19,0.8129889204750493
C004096,C_individual,month-to-month,37,235.02,1.2701689453429266
C004097,C_individual,two-year,20,519.86,1.3027231118313485
C004098,C_individual,month-to-month,6,553.07,0.8898742408999228
C004099,C_individual,month-to-month,2,304.6,1.0869247385495682
C004100,B_smb,two-year,38,1313.67,1.0462093634587875
C004101,C_individual,one-year,14,380.75,0.9578810045479502
C004102,C_individual,two-year,18,678.11,0.7559835261068136
C004103,B_smb,two-year,40,1299.41,1.3461196024276334
C004104,C_individual,one-year,23,339.46,0.7275979336567321
C004105,A_enterprise,month-to-month,45,4535.91,1.031815760671637
C004106,C_individual,month-to-month,26,542.76,0.9028603439633254
C004107,C_individual,two-year,39,515.27,1.1512091981094132
C004108,C_individual,two-year,6,599.28,1.1268920014257975
C004109,C_individual,month-to-month,19,322.91,0.8531779872955451
C004110,B_smb,month-to-month,8,1784.38,0.8814809703796231
C004111,C_individual,month-to-month,2,362.19,0.7674772906726174
C004112,C_individual,month-to-month,47,524.78,1.0292201831490717
C004113,C_individual,two-year,24,445.55,1.1066315921129593
C004114,C_individual,month-to-month,16,678.07,0.9337503847764649
C004115,B_smb,month-to-month,18,1365.87,0.9632793675481062
C004116,C_individual,two-year,11,412.32,1.2861770071008842
C004117,C_individual,one-year,5,466.55,1.1404356460239462
C004118,B_smb,month-to-month,43,1528.85,1.2021647087858518
C004119,B_smb,month-to-month,5,1047.87,0.663693300282775
C004120,C_individual,month-to-month,18,680.99,1.0820788060937416
C004121,C_individual,month-to-month,7,641.85,1.0377058655951341
C004122,C_individual,month-to-month,44,428.84,0.8122022011772737
C004123,B_smb,month-to-month,9,1744.79,0.8434153217443802
C004124,C_individual,month-to-month,18,696.17,0.967234629335707
C004125,B_smb,month-to-month,36,1292.91,0.7987006701621968
C004126,C_individual,month-to-month,27,413.11,0.8801949645437512
C004127,B_smb,two-year,18,1267.98,0.9307610422394599
C004128,C_individual,month-to-month,27,243.9,1.0860278869058626
C004129,C_individual,month-to-month,20,542.97,0.8939791021642304
C004130,C_individual,two-year,13,599.14,0.9329143905096322
C004131,C_individual,month-to-month,28,599.96,1.153650295138622
C004132,B_smb,month-to-month,17,1586.83,0.7353611600532389
C004133,C_individual,two-year,46,492.28,1.034092960083177
C004134,C_individual,one-year,22,330.26,1.058410556989916
C004135,A_enterprise,month-to-month,36,5600.19,1.0625243073823327
C004136,C_individual,one-year,11,374.2,0.9247967851602399
C004137,C_individual,one-year,30,513.02,0.8402705599023597
C004138,C_individual,month-to-month,26,358.34,1.227927217431404
C004139,C_individual,month-to-month,35,512.26,0.8715256856820507
C004140,B_smb,month-to-month,22,1859.35,0.8324455583765641
C004141,C_individual,two-year,34,495.26,1.0030301848196364
C004142,A_enterprise,month-to-month,2,4269.87,0.8891316411939978
C004143,B_smb,month-to-month,33,1112.7,1.1576205867645843
C004144,B_smb,one-year,36,861.82,0.960223774268038
C004145,B_smb,two-year,23,1412.93,1.177071031024895
C004146,A_enterprise,month-to-month,1,3745.78,1.067316200373708
C004147,C_individual,month-to-month,27,631.35,0.9417684220559251
C004148,B_smb,month-to-month,37,1748.89,1.167102510796246
C004149,B_smb,one-year,22,1643.16,0.9023744448197621
C004150,B_smb,month-to-month,4,1153.92,0.9519785295395792
C004151,C_individual,two-year,18,540.13,1.0793738670872708
C004152,B_smb,month-to-month,47,1427.85,1.033993724470531
C004153,B_smb,month-to-month,12,1187.08,0.8989470154760081
C004154,C_individual,month-to-month,25,672.95,0.7695474706957348
C004155,A_enterprise,month-to-month,17,5026.05,0.9972034744795649
C004156,C_individual,month-to-month,34,326.1,0.8909322663109778
C004157,A_enterprise,one-year,20,3456.71,1.0044468635428938
C004158,B_smb,month-to-month,18,1231.51,0.9368539367112508
C004159,B_smb,one-year,27,1190.41,0.8923648252377874
C004160,C_individual,month-to-month,27,325.76,0.9597765738492392
C004161,B_smb,one-year,23,1207.19,0.988986333886868
C004162,C_individual,month-to-month,12,616.54,1.1042514387838283
C004163,B_smb,one-year,5,1090.58,1.0634783403867223
C004164,C_individual,month-to-month,33,502.37,1.3141634690869515
C004165,B_smb,two-year,16,1478.75,1.0212153938236237
C004166,A_enterprise,two-year,29,5203.31,0.8990603486220663
C004167,B_smb,two-year,18,1726.51,0.9750557291262152
C004168,C_individual,two-year,40,563.79,1.085248489804039
C004169,B_smb,month-to-month,33,1238.88,1.150513847823444
C004170,C_individual,one-year,19,229.0,1.201220509060168
C004171,C_individual,month-to-month,15,417.64,0.8474493558953066
C004172,C_individual,two-year,35,431.25,1.1921010951203854
C004173,B_smb,month-to-month,0,842.43,0.9930968973589059
C004174,C_individual,month-to-month,2,370.76,0.8609573631118287
C004175,C_individual,one-year,4,525.09,0.9694333087187421
C004176,C_individual,month-to-month,16,538.45,1.1816132760937186
C004177,C_individual,one-year,23,413.3,1.068591333276036
C004178,C_individual,month-to-month,14,412.29,0.818193477833269
C004179,C_individual,one-year,9,323.92,0.8193184887157314
C004180,C_individual,two-year,15,480.52,0.8151556959897687
C004181,A_enterprise,one-year,23,5692.46,0.8902692761304136
C004182,C_individual,month-to-month,14,615.43,1.011617447558136
C004183,B_smb,month-to-month,27,1324.97,0.8310728263076753
C004184,C_individual,month-to-month,18,688.94,0.9357510581383969
C004185,C_individual,month-to-month,44,406.54,1.2103053905502403
C004186,A_enterprise,one-year,47,4335.88,1.2426712290610944
C004187,A_enterprise,month-to-month,31,5972.76,1.232570994038315
C004188,A_enterprise,month-to-month,26,2446.23,0.7307644346806743
C004189,B_smb,month-to-month,1,1684.96,1.2510583300139915
C004190,A_enterprise,two-year,29,3987.84,1.0137545986040823
C004191,C_individual,month-to-month,18,374.16,1.0116954538323433
C004192,C_individual,month-to-month,13,348.31,1.1543354772224785
C004193,C_individual,month-to-month,38,319.67,1.1055188699355845
C004194,B_smb,month-to-month,2,1225.77,0.7196982939517584
C004195,C_individual,two-year,12,571.85,0.9081300700609779
C004196,A_enterprise,month-to-month,37,3149.15,0.9450897216737681
C004197,C_individual,one-year,44,673.82,0.8004600314539392
C004198,B_smb,one-year,24,1595.57,1.1495735306199582
C004199,A_enterprise,two-year,25,3766.35,1.2158394411811295
C004200,B_smb,one-year,46,1450.62,0.9984156951536832
C004201,C_individual,one-year,4,540.74,1.0447889203527791
C004202,A_enterprise,month-to-month,23,4875.16,0.998307627207877
C004203,C_individual,month-to-month,11,499.43,1.0148730068078908
C004204,C_individual,one-year,22,681.65,1.1676522956862647
C004205,C_individual,one-year,43,476.02,0.7351752170929322
C004206,B_smb,one-year,28,1291.12,1.0729154925439857
C004207,A_enterprise,month-to-month,47,4846.42,1.0017780544058594
C004208,B_smb,month-to-month,24,1826.24,0.8929792419735137
C004209,B_smb,month-to-month,41,1373.4,0.9244971182522923
C004210,C_individual,month-to-month,8,331.91,1.274855572711536
C004211,B_smb,month-to-month,15,1337.64,0.800874880815132
C004212,B_smb,month-to-month,13,1362.11,0.9747164139043734
C004213,A_enterprise,one-year,36,3746.55,1.2444230171118251
C004214,C_individual,one-year,24,499.35,0.8094805386518396
C004215,B_smb,one-year,10,1674.58,0.9315752034504307
C004216,C_individual,one-year,8,507.24,1.006346407665618
C004217,A_enterprise,month-to-month,18,3138.3,1.061899043436533
C004218,C_individual,month-to-month,7,421.78,0.9879531492229009
C004219,C_individual,one-year,33,475.81,0.86569546912393
C004220,B_smb,two-year,40,1773.12,1.067110375553334
C004221,A_enterprise,one-year,46,4140.76,0.9849095814516737
C004222,B_smb,one-year,11,664.21,1.0941634085583092
C004223,B_smb,one-year,21,2133.92,1.1385541108283563
C004224,B_smb,one-year,24,1525.1,0.7770640681096392
C004225,C_individual,one-year,23,388.64,1.1549694702163498
C004226,C_individual,one-year,21,259.39,0.9618056216613269
C004227,B_smb,month-to-month,10,1328.93,1.1237816205883033
C004228,C_individual,month-to-month,5,554.49,1.074080869748738
C004229,B_smb,month-to-month,19,1047.58,1.2781123389762314
C004230,C_individual,one-year,4,442.26,1.000938111190796
C004231,A_enterprise,one-year,3,4278.07,0.939502667828391
C004232,C_individual,month-to-month,25,359.29,0.9230550765437654
C004233,C_individual,month-to-month,41,574.35,0.8444358944891897
C004234,A_enterprise,one-year,25,3036.47,1.1212152949260255
C004235,B_smb,month-to-month,1,1373.98,0.8347870800739241
C004236,B_smb,two-year,40,1609.3,1.119899231009551
C004237,C_individual,month-to-month,32,374.01,0.9664753997559178
C004238,C_individual,month-to-month,14,455.27,0.7355162077705373
C004239,C_individual,month-to-month,13,395.14,1.2232407325052133
C004240,C_individual,month-to-month,43,449.3,0.5
C004241,C_individual,month-to-month,22,516.97,0.9877361815615505
C004242,B_smb,month-to-month,6,1601.23,1.0350938053935217
C004243,C_individual,month-to-month,13,359.02,0.6540927988651876
C004244,C_individual,month-to-month,12,445.96,1.0661880630756053
C004245,B_smb,one-year,19,1075.83,0.8995318109476982
C004246,C_individual,month-to-month,16,551.44,0.9627221902468769
C004247,A_enterprise,month-to-month,26,4511.88,1.201451592226986
C004248,B_smb,month-to-month,15,1691.39,1.0214080182221756
C004249,C_individual,two-year,30,437.82,0.9474155077911882
C004250,B_smb,one-year,23,1472.61,0.9744310613882372
C004251,A_enterprise,two-year,45,4076.38,1.266415519121177
C004252,B_smb,two-year,39,1492.73,1.060691983182386
C004253,C_individual,month-to-month,15,287.36,0.8674355874576102
C004254,C_individual,one-year,2,353.26,0.9267524171249311
C004255,A_enterprise,month-to-month,28,4684.54,0.8214892774018262
C004256,A_enterprise,two-year,16,4984.82,0.9322434792092995
C004257,B_smb,month-to-month,43,1531.1,1.2411840324394843
C004258,C_individual,month-to-month,19,233.07,0.9750499446387538
C004259,B_smb,two-year,13,1454.01,0.7994480697745517
C004260,C_individual,two-year,16,440.65,1.0646391149687826
C004261,C_individual,two-year,41,478.54,0.9411132943191866
C004262,B_smb,month-to-month,5,1340.41,1.0842115077923422
C004263,C_individual,month-to-month,45,555.15,0.9636401848418134
C004264,C_individual,month-to-month,11,257.52,1.2167905488732902
C004265,C_individual,month-to-month,40,634.05,0.8634030997906438
C004266,B_smb,month-to-month,26,1332.34,0.8252256655911518
C004267,C_individual,month-to-month,27,481.57,1.1406400586982022
C004268,C_individual,one-year,9,255.87,0.6994666339927587
C004269,C_individual,month-to-month,34,431.81,0.9742100659695638
C004270,C_individual,one-year,31,506.25,1.1200921310911527
C004271,B_smb,two-year,23,1302.88,0.6708405519436492
C004272,C_individual,one-year,21,237.55,1.0096964614677024
C004273,C_individual,month-to-month,28,357.71,0.775607716392428
C004274,B_smb,month-to-month,22,1368.06,0.7232733515089631
C004275,A_enterprise,month-to-month,46,4671.57,0.840108830894098
C004276,B_smb,one-year,1,1723.95,0.9724911279776646
C004277,C_individual,month-to-month,12,587.82,0.8941186689233691
C004278,B_smb,month-to-month,40,1487.31,1.1660600122581803
C004279,C_individual,two-year,38,565.57,1.012357951055997
C004280,A_enterprise,one-year,16,4114.0,0.9266565846524697
C004281,B_smb,two-year,24,1399.18,0.8035144176456529
C004282,C_individual,month-to-month,1,303.39,1.033616363376016
C004283,A_enterprise,two-year,8,4607.44,1.3088348400157677
C004284,C_individual,month-to-month,45,299.72,0.8945625253901597
C004285,B_smb,month-to-month,30,1097.51,0.9121672308364592
C004286,C_individual,two-year,1,397.32,0.8408928091760648
C004287,B_smb,two-year,38,827.58,1.1776269039553682
C004288,C_individual,month-to-month,19,335.66,1.1390508350054622
C004289,C_individual,month-to-month,27,389.57,0.9330593436591721
C004290,A_enterprise,month-to-month,41,4590.68,0.9101433724125078
C004291,A_enterprise,one-year,40,3412.19,0.8584220316482561
C004292,A_enterprise,two-year,6,4424.47,0.9566032530821729
C004293,C_individual,month-to-month,17,311.99,1.152981854216858
C004294,C_individual,month-to-month,13,269.86,1.0062287568924344
C004295,B_smb,one-year,43,1295.03,1.193147095472905
C004296,B_smb,one-year,37,1355.55,0.8919758345938608
C004297,C_individual,month-to-month,31,638.02,0.6530924387797198
C004298,C_individual,one-year,2,610.82,1.3908003150124126
C004299,C_individual,two-year,38,330.41,1.032187477086596
C004300,B_smb,month-to-month,26,1570.43,1.1167789183686845
C004301,C_individual,one-year,13,603.66,0.8818727032145605
C004302,C_individual,one-year,21,254.45,0.7956185291367279
C004303,B_smb,one-year,21,1401.01,1.0232122585579309
C004304,A_enterprise,two-year,14,4214.17,0.7012464498035093
C004305,A_enterprise,one-year,43,4972.31,0.9599408108211414
C004306,C_individual,one-year,44,452.09,1.1533467185768682
C004307,B_smb,month-to-month,2,1828.47,1.0672706064240038
C004308,C_individual,one-year,44,206.79,1.0382353011892143
C004309,C_individual,month-to-month,19,278.73,1.261560906891409
C004310,C_individual,month-to-month,38,481.22,1.0563012835880763
C004311,C_individual,month-to-month,37,524.67,0.7143360972205162
C004312,B_smb,one-year,28,1136.55,0.9776394906002719
C004313,C_individual,two-year,35,296.26,1.2887976930981988
C004314,A_enterprise,one-year,32,2949.82,0.953584479178964
C004315,C_individual,two-year,40,303.08,1.279614404004944
C004316,C_individual,month-to-month,20,448.24,1.1535466135675754
C004317,C_individual,one-year,35,291.65,0.9387286266677294
C004318,C_individual,two-year,47,549.78,0.8379255509676701
C004319,B_smb,month-to-month,45,1228.67,1.0509840605382283
C004320,C_individual,two-year,7,413.46,1.1905750031996434
C004321,C_individual,one-year,23,562.84,0.7632042295505871
C004322,C_individual,month-to-month,24,523.2,1.0180581230187595
C004323,A_enterprise,one-year,29,5245.3,0.6937917756501794
C004324,B_smb,month-to-month,31,1535.18,0.9490613509249008
C004325,C_individual,month-to-month,40,422.05,0.7517900781886437
C004326,A_enterprise,month-to-month,25,4866.98,1.0843353712720205
C004327,C_individual,month-to-month,33,438.0,0.8966503035364046
C004328,C_individual,month-to-month,43,440.05,1.173705440848769
C004329,C_individual,two-year,4,399.85,0.9189262414529673
C004330,A_enterprise,month-to-month,30,3933.54,0.9052641636374803
C004331,C_individual,two-year,17,321.54,0.7577251721689722
C004332,A_enterprise,one-year,43,5427.85,1.0586575010176529
C004333,B_smb,month-to-month,26,1311.09,1.0738151427102305
C004334,C_individual,month-to-month,28,464.88,1.1409616539098801
C004335,A_enterprise,two-year,36,4023.77,1.0982801993575293
C004336,A_enterprise,one-year,11,3572.96,1.0601904599446743
C004337,A_enterprise,two-year,26,4392.19,1.089377673970403
C004338,C_individual,month-to-month,37,332.1,1.1045246799903636
C004339,C_individual,one-year,37,391.4,1.1361485235345818
C004340,A_enterprise,one-year,10,4319.44,0.7708641696578381
C004341,A_enterprise,two-year,40,4173.56,0.9307272905139756
C004342,C_individual,month-to-month,7,481.67,0.7565413953649867
C004343,B_smb,two-year,12,1575.6,1.0498200612117876
C004344,C_individual,month-to-month,41,581.4,1.2444939250484681
C004345,C_individual,two-year,29,503.55,1.1344512045222725
C004346,C_individual,one-year,26,287.09,0.9089421197112871
C004347,C_individual,one-year,26,100.0,1.075812026741495
C004348,C_individual,month-to-month,46,290.85,1.0523410266633435
C004349,C_individual,two-year,10,521.39,1.0349694484243919
C004350,B_smb,month-to-month,14,1065.21,0.8044981262017541
C004351,A_enterprise,month-to-month,23,4032.03,1.197270338952292
C004352,C_individual,one-year,40,529.04,0.823286452674335
C004353,A_enterprise,one-year,26,4818.53,0.9449884702851694
C004354,C_individual,month-to-month,34,617.41,1.1438712656947294
C004355,C_individual,one-year,39,564.05,0.9439875660306443
C004356,C_individual,month-to-month,42,612.23,1.0118952339518612
C004357,B_smb,one-year,22,1272.62,1.017940911572002
C004358,B_smb,one-year,21,1406.43,1.0098870104285662
C004359,C_individual,one-year,3,409.53,1.017258290771464
C004360,B_smb,two-year,3,1706.13,1.032087805683001
C004361,C_individual,one-year,23,290.11,1.0112053931836065
C004362,C_individual,month-to-month,35,433.36,0.8656768015760141
C004363,C_individual,one-year,40,514.79,0.7674936699014213
C004364,C_individual,month-to-month,19,618.99,1.149719340428307
C004365,A_enterprise,month-to-month,27,4451.71,1.1565668126276896
C004366,B_smb,one-year,39,1386.59,1.0506210223585117
C004367,C_individual,month-to-month,15,426.34,1.049368426298767
C004368,A_enterprise,month-to-month,7,4867.56,0.8627217708254288
C004369,B_smb,two-year,44,1935.83,0.6342121977079128
C004370,B_smb,month-to-month,26,1759.08,0.9626967286280249
C004371,A_enterprise,month-to-month,7,4192.68,0.7153971721532276
C004372,C_individual,month-to-month,12,307.79,1.0276599544429235
C004373,B_smb,month-to-month,15,1390.8,1.195635876657601
C004374,C_individual,one-year,9,608.61,0.9075792156103323
C004375,B_smb,one-year,20,1514.29,0.9161956900232123
C004376,C_individual,one-year,39,271.88,0.8491258571300669
C004377,B_smb,month-to-month,35,1125.31,1.0066378060911527
C004378,C_individual,one-year,44,248.66,0.9950154514441286
C004379,A_enterprise,month-to-month,40,5301.84,0.8471304164500612
C004380,C_individual,one-year,14,634.58,1.136886180237613
C004381,B_smb,one-year,2,1061.07,1.405355470932236
C004382,B_smb,month-to-month,7,1583.66,1.1784788277407419
C004383,B_smb,two-year,38,1431.94,0.9834093667488133
C004384,C_individual,one-year,16,611.45,0.9816186195254032
C004385,C_individual,month-to-month,34,386.07,0.9229661180430927
C004386,B_smb,one-year,21,1024.1,0.9198740600845139
C004387,B_smb,one-year,42,1266.83,1.143723496394226
C004388,C_individual,month-to-month,24,426.36,1.1502560425028239
C004389,C_individual,month-to-month,43,234.78,0.8245705734578622
C004390,B_smb,one-year,12,895.28,1.0549473118636146
C004391,C_individual,two-year,37,414.66,1.166668811635035
C004392,C_individual,one-year,25,395.74,0.947472697015799
C004393,C_individual,one-year,9,430.12,0.9682699278150803
C004394,B_smb,one-year,11,1752.11,1.1043974014971463
C004395,B_smb,month-to-month,15,745.04,1.108662687528552
C004396,B_smb,month-to-month,7,1496.75,1.064358749438814
C004397,C_individual,month-to-month,44,322.58,1.0381343132810676
C004398,B_smb,two-year,10,1154.36,1.058288139075442
C004399,C_individual,two-year,28,475.83,0.9583424063722923
C004400,C_individual,two-year,27,494.9,0.8323425977069548
C004401,C_individual,month-to-month,25,446.31,0.7665078287387787
C004402,A_enterprise,one-year,30,5191.71,1.0893342145013318
C004403,B_smb,one-year,43,1965.76,1.0162295627887754
C004404,B_smb,month-to-month,46,1192.6,1.0683279376037655
C004405,C_individual,month-to-month,41,353.94,0.8756681062677177
C004406,C_individual,one-year,22,289.38,1.0153878915627665
C004407,B_smb,one-year,34,1641.46,1.0117960039102325
C004408,C_individual,one-year,8,540.57,1.1918510978091894
C004409,B_smb,month-to-month,42,1122.06,1.1277632397063564
C004410,B_smb,one-year,9,1155.38,0.8890059287512875
C004411,A_enterprise,month-to-month,5,4504.03,1.075682941401943
C004412,C_individual,month-to-month,39,418.41,0.8879662801288228
C004413,B_smb,one-year,36,1167.45,0.6080530192667587
C004414,B_smb,month-to-month,6,1453.94,1.25889265930566
C004415,C_individual,two-year,46,368.08,0.9437605369865466
C004416,C_individual,month-to-month,5,443.61,1.1559194676483182
C004417,A_enterprise,month-to-month,2,4680.52,0.9007985421359721
C004418,A_enterprise,month-to-month,45,5145.6,0.8788977351076043
C004419,C_individual,one-year,10,285.02,0.9180110701023416
C004420,B_smb,month-to-month,11,1607.11,1.0378973986776103
C004421,B_smb,month-to-month,38,1392.14,1.026421985101383
C004422,C_individual,month-to-month,29,350.0,1.07465450429812
C004423,B_smb,month-to-month,24,1930.44,0.9255446610365917
C004424,C_individual,one-year,47,461.4,1.006064060856821
C004425,B_smb,month-to-month,4,1289.55,0.873524326527503
C004426,B_smb,month-to-month,44,1224.88,1.2203946838773976
C004427,A_enterprise,one-year,12,5418.76,0.8028999038956023
C004428,B_smb,month-to-month,29,1380.23,0.8767044049753474
C004429,A_enterprise,one-year,15,3190.71,0.9364863671319601
C004430,B_smb,month-to-month,14,825.69,1.3583397789204812
C004431,C_individual,one-year,15,390.3,1.1150247020874533
C004432,C_individual,month-to-month,26,447.16,0.8719630882560166
C004433,B_smb,month-to-month,42,1070.55,1.1233286647156493
C004434,C_individual,month-to-month,5,367.51,1.077374487209565
C004435,C_individual,two-year,31,366.51,1.0410616724491628
C004436,C_individual,month-to-month,41,412.09,1.1043721104077082
C004437,B_smb,two-year,35,1565.05,1.0087107283243337
C004438,B_smb,two-year,47,1224.53,1.0256196590860875
C004439,B_smb,month-to-month,0,1386.23,0.7670608830937751
C004440,A_enterprise,month-to-month,17,3393.41,1.2164648399792772
C004441,B_smb,month-to-month,20,1485.39,0.9328742370573491
C004442,C_individual,two-year,25,498.89,0.8144161360184092
C004443,C_individual,one-year,15,516.55,0.9243514563356164
C004444,A_enterprise,one-year,12,5441.98,0.9303918460480647
C004445,B_smb,month-to-month,40,1388.65,0.8798146902917658
C004446,B_smb,two-year,11,1484.3,1.1166474849935883
C004447,B_smb,month-to-month,45,1495.44,1.146128968049911
C004448,C_individual,month-to-month,1,740.57,0.7061200858817055
C004449,A_enterprise,month-to-month,20,3308.47,0.9227836135196474
C004450,C_individual,month-to-month,29,508.3,0.9335342945969014
C004451,C_individual,two-year,46,327.14,0.9741781960646022
C004452,C_individual,one-year,36,361.13,1.2559475515873624
C004453,C_individual,month-to-month,0,389.73,0.8779632023367215
C004454,C_individual,month-to-month,35,495.88,1.2343618208030671
C004455,B_smb,one-year,15,1462.4,0.9780685589555533
C004456,A_enterprise,one-year,41,4118.93,1.2357591551289817
C004457,C_individual,month-to-month,37,549.84,0.9533564569533621
C004458,A_enterprise,month-to-month,9,2554.84,0.93578774479298
C004459,C_individual,one-year,17,533.11,0.9966043998184756
C004460,B_smb,two-year,39,1425.35,1.1938376074435402
C004461,B_smb,one-year,44,681.22,1.0237474516171852
C004462,B_smb,month-to-month,28,1300.28,1.0313878730937172
C004463,C_individual,one-year,10,514.68,1.0955046537149429
C004464,B_smb,month-to-month,18,1763.25,0.8680415054560812
C004465,B_smb,two-year,38,1138.71,1.0505032162745485
C004466,B_smb,month-to-month,28,1568.92,0.9057777894143959
C004467,C_individual,month-to-month,9,445.05,1.2206898015618493
C004468,C_individual,month-to-month,13,323.55,1.0627993120376076
C004469,B_smb,month-to-month,9,1234.34,1.103908971872889
C004470,C_individual,month-to-month,22,368.89,0.6941009592118362
C004471,B_smb,one-year,21,1347.99,1.1060097888205958
C004472,C_individual,one-year,26,439.52,0.9733688899823868
C004473,A_enterprise,two-year,45,3858.38,0.7844262865685043
C004474,B_smb,month-to-month,31,1265.52,1.0142469013994433
C004475,C_individual,month-to-month,28,546.45,0.7722568284399086
C004476,C_individual,month-to-month,17,467.7,1.0916542870445807
C004477,B_smb,month-to-month,30,1835.5,1.2150956556284607
C004478,C_individual,month-to-month,45,566.87,0.7314146279322123
C004479,C_individual,two-year,0,373.3,0.9955027481869224
C004480,B_smb,two-year,16,1650.19,0.9752663902450166
C004481,C_individual,month-to-month,2,355.99,0.7015643546281376
C004482,C_individual,one-year,9,678.79,1.1374756008545968
C004483,B_smb,one-year,3,1424.39,1.0938565652355219
C004484,C_individual,month-to-month,28,473.49,1.3039132674703797
C004485,B_smb,one-year,39,1644.8,1.074425113312214
C004486,C_individual,month-to-month,45,227.67,0.868150038642573
C004487,A_enterprise,month-to-month,11,2771.79,1.0771503908703512
C004488,B_smb,two-year,33,1675.91,1.1927210648777327
C004489,C_individual,one-year,15,449.51,0.9302695212599387
C004490,C_individual,month-to-month,15,714.65,1.1278621005310125
C004491,C_individual,month-to-month,29,385.78,0.6467636218061323
C004492,C_individual,two-year,32,563.18,1.221260051248704
C004493,A_enterprise,month-to-month,28,3181.71,1.120058199377427
C004494,B_smb,two-year,4,1707.79,0.6183445800958254
C004495,B_smb,two-year,19,818.39,1.0573984074190943
C004496,B_smb,month-to-month,13,1280.96,0.7020244975730661
C004497,B_smb,one-year,0,1035.97,0.9083372490594808
C004498,C_individual,one-year,1,491.9,1.1018302094122825
C004499,C_individual,one-year,21,501.41,0.9795960856217408
C004500,A_enterprise,month-to-month,4,5644.3,1.188491919635242
C004501,B_smb,month-to-month,35,1737.06,1.009560192411549
C004502,C_individual,month-to-month,2,566.45,0.9943825475854051
C004503,B_smb,one-year,11,1382.03,1.1647742174466513
C004504,A_enterprise,one-year,47,5325.56,0.9493605088948278
C004505,B_smb,one-year,34,1691.25,0.9962250548259897
C004506,B_smb,one-year,26,1274.42,1.0160003538554783
C004507,B_smb,month-to-month,0,1281.11,0.9898748012650952
C004508,C_individual,month-to-month,2,388.21,1.174032692496131
C004509,B_smb,one-year,43,1724.45,0.8999797336811013
C004510,C_individual,one-year,38,408.87,0.8754540500383566
C004511,C_individual,one-year,45,464.18,0.8407479421264665
C004512,C_individual,month-to-month,38,428.26,0.6787251892627232
C004513,A_enterprise,month-to-month,0,2714.23,1.222561311760081
C004514,A_enterprise,two-year,38,4848.31,0.864882001195955
C004515,B_smb,month-to-month,21,1319.17,0.9642107111458137
C004516,B_smb,month-to-month,33,1982.9,1.23369791465657
C004517,B_smb,one-year,19,1798.94,0.978716944637666
C004518,C_individual,one-year,34,465.76,1.0771606634512003
C004519,B_smb,two-year,40,1249.79,0.786911112163736
C004520,A_enterprise,two-year,46,5923.45,1.2097531714859027
C004521,B_smb,one-year,25,849.75,0.9817602932590243
C004522,C_individual,month-to-month,13,411.79,0.8472558474922646
C004523,C_individual,month-to-month,29,248.13,0.8471464020022624
C004524,C_individual,two-year,23,296.02,1.2534963804205315
C004525,C_individual,month-to-month,9,446.14,0.912073439054566
C004526,C_individual,two-year,34,262.26,0.8505108285564019
C004527,C_individual,one-year,3,405.87,0.935039580871622
C004528,B_smb,month-to-month,19,946.11,1.0068058601262073
C004529,C_individual,one-year,33,491.14,1.022772916197697
C004530,C_individual,one-year,44,455.48,1.0666536398153652
C004531,B_smb,month-to-month,29,1385.6,1.0352141558959214
C004532,C_individual,month-to-month,47,471.81,1.0970708072696145
C004533,B_smb,one-year,39,2187.94,0.9590880180345666
C004534,C_individual,month-to-month,11,478.64,1.310826923950082
C004535,A_enterprise,month-to-month,40,3619.51,0.9267339778171686
C004536,C_individual,one-year,16,557.77,1.2028590657462346
C004537,C_individual,one-year,30,465.47,0.9101481439578475
C004538,A_enterprise,one-year,9,3402.45,0.7858349058226529
C004539,B_smb,two-year,25,1739.46,0.7499367024631368
C004540,A_enterprise,two-year,32,4474.47,1.045592612485
C004541,A_enterprise,month-to-month,43,3825.12,1.1742938487461476
C004542,C_individual,month-to-month,45,425.1,0.8273467892190729
C004543,B_smb,one-year,38,1192.35,0.8683758298676135
C004544,B_smb,month-to-month,26,1324.2,1.0579192316387098
C004545,B_smb,two-year,42,1376.28,0.9996187007494841
C004546,C_individual,one-year,5,400.71,0.9121529068960534
C004547,B_smb,month-to-month,47,1527.76,0.8081106548121951
C004548,C_individual,one-year,9,177.51,1.0463613406006473
C004549,B_smb,one-year,19,1636.86,1.0979397177998478
C004550,A_enterprise,two-year,43,4275.65,1.0737624195085003
C004551,C_individual,month-to-month,34,429.88,1.003977038800574
C004552,A_enterprise,two-year,40,4512.2,0.8416442734177886
C004553,C_individual,month-to-month,33,565.26,1.0471831931562072
C004554,B_smb,one-year,28,1977.98,1.0359742231345557
C004555,C_individual,two-year,8,571.26,0.8030177275494966
C004556,C_individual,month-to-month,47,604.1,0.9546487681558254
C004557,C_individual,month-to-month,30,453.59,1.0549645508487593
C004558,A_enterprise,two-year,32,4628.83,0.98826394538505
C004559,C_individual,two-year,20,495.26,0.7059198571566563
C004560,C_individual,month-to-month,45,518.42,0.9039469277332264
C004561,B_smb,one-year,21,1596.39,0.8939685096264133
C004562,B_smb,two-year,9,1259.4,1.0838940783454238
C004563,C_individual,month-to-month,8,419.57,1.3897575108751357
C004564,B_smb,one-year,33,1559.18,1.02009478049082
C004565,C_individual,month-to-month,35,367.09,0.8203048923522304
C004566,C_individual,month-to-month,9,374.91,0.9759240961261962
C004567,A_enterprise,two-year,33,4957.4,1.0015951986176528
C004568,C_individual,month-to-month,47,406.32,1.11348930961073
C004569,C_individual,two-year,25,587.25,1.186318288294627
C004570,B_smb,one-year,46,1218.43,1.208652675442747
C004571,C_individual,one-year,7,314.07,1.0805843805189301
C004572,B_smb,month-to-month,19,1487.54,0.999881106258139
C004573,B_smb,month-to-month,26,775.71,1.222510300848875
C004574,C_individual,two-year,17,522.86,0.9478746701175662
C004575,B_smb,one-year,4,1255.8,1.0081719349882692
C004576,C_individual,one-year,21,552.62,0.9634844343153706
C004577,A_enterprise,month-to-month,16,4242.71,0.6803062482050506
C004578,B_smb,month-to-month,9,2360.7,1.1907635790227047
C004579,A_enterprise,month-to-month,17,4075.92,1.1013278812519196
C004580,C_individual,one-year,20,304.86,0.6444985644654359
C004581,C_individual,month-to-month,42,708.99,1.1502631124840286
C004582,C_individual,one-year,23,397.16,0.9544844042958228
C004583,C_individual,month-to-month,19,292.19,1.1482819053618825
C004584,C_individual,month-to-month,18,718.84,1.0113685119630156
C004585,C_individual,one-year,28,362.87,0.7963991127740842
C004586,C_individual,one-year,13,255.38,1.0039530276406623
C004587,C_individual,two-year,41,310.99,0.8652321361708608
C004588,C_individual,month-to-month,20,467.18,0.8165672463780627
C004589,C_individual,one-year,20,455.49,1.130054350124335
C004590,B_smb,month-to-month,3,1224.97,1.058731839968203
C004591,B_smb,two-year,42,2245.74,1.2246353166024564
C004592,C_individual,one-year,22,456.37,0.9408422520850528
C004593,B_smb,month-to-month,6,1628.74,0.8555644904733511
C004594,B_smb,two-year,8,1247.66,1.095820662503896
C004595,C_individual,month-to-month,17,382.42,0.8749477054506073
C004596,B_smb,month-to-month,37,1454.48,0.9534707718398356
C004597,B_smb,month-to-month,4,826.42,1.0787643152688837
C004598,B_smb,month-to-month,5,1185.0,0.981108154854975
C004599,B_smb,two-year,26,1179.46,0.926690353281103
C004600,C_individual,one-year,23,583.69,0.7896006805397956
C004601,C_individual,one-year,45,412.47,1.140533710856843
C004602,C_individual,two-year,36,255.09,0.94473597107942
C004603,C_individual,one-year,31,231.33,1.0927139430014479
C004604,C_individual,month-to-month,16,610.1,1.0728988870242548
C004605,B_smb,month-to-month,30,1045.62,1.163693056939352
C004606,C_individual,month-to-month,28,381.71,0.964664747880693
C004607,B_smb,two-year,13,1286.88,0.9478421846346367
C004608,A_enterprise,two-year,17,3811.87,0.833759727676073
C004609,C_individual,one-year,44,541.44,0.9186023787984725
C004610,C_individual,month-to-month,25,446.59,1.0511745191306425
C004611,B_smb,month-to-month,22,1227.23,0.8774418316420923
C004612,C_individual,two-year,38,474.57,1.0473680468311157
C004613,B_smb,month-to-month,12,1271.31,1.2200938037220548
C004614,B_smb,one-year,10,1211.11,0.9332181638210094
C004615,B_smb,month-to-month,47,1456.87,0.8028445736370184
C004616,A_enterprise,month-to-month,38,2965.53,0.9379898271549424
C004617,C_individual,one-year,20,371.64,0.78660100232225
C004618,B_smb,two-year,45,914.21,1.2001335304005492
C004619,C_individual,one-year,17,569.54,1.0127277003633286
C004620,B_smb,month-to-month,32,1720.1,0.8907319399377033
C004621,C_individual,month-to-month,1,387.39,0.9160215729097707
C004622,C_individual,two-year,33,482.93,0.8226830389284031
C004623,C_individual,one-year,8,502.58,1.1516710267935006
C004624,A_enterprise,month-to-month,11,3439.96,1.27557943151164
C004625,C_individual,one-year,38,657.07,0.7758860795750385
C004626,C_individual,month-to-month,9,500.02,1.1564891433913884
C004627,B_smb,month-to-month,23,1893.26,0.9631223894499464
C004628,B_smb,two-year,44,1549.51,1.190123553120692
C004629,B_smb,one-year,45,1898.54,0.7249257768922689
C004630,B_smb,month-to-month,21,1220.38,1.0338092049367407
C004631,B_smb,month-to-month,4,1359.73,0.9388150784325042
C004632,B_smb,two-year,13,1125.29,1.0988633568654522
C004633,B_smb,one-year,29,1410.44,1.0091712815833003
C004634,C_individual,one-year,16,367.96,1.0033384019627778
C004635,A_enterprise,month-to-month,34,4716.89,0.9841020156307112
C004636,B_smb,two-year,47,1257.76,1.2343448309122704
C004637,C_individual,two-year,29,359.65,0.9737539427075486
C004638,B_smb,one-year,29,1503.55,1.1296424871044655
C004639,B_smb,month-to-month,25,1352.21,1.0942770008466483
C004640,B_smb,one-year,8,1054.46,1.1333213660315211
C004641,A_enterprise,two-year,27,3655.14,0.8477874330468708
C004642,B_smb,one-year,44,1221.35,1.1060759599502625
C004643,A_enterprise,two-year,33,2105.06,1.050530415430779
C004644,B_smb,one-year,36,1149.33,0.8215815199143729
C004645,C_individual,month-to-month,41,505.14,0.9681406433997178
C004646,C_individual,month-to-month,18,733.86,1.3441419361891647
C004647,B_smb,two-year,16,1200.2,0.9412290340373082
C004648,B_smb,month-to-month,46,2057.36,0.9448525351811754
C004649,B_smb,month-to-month,22,1021.67,1.0676065148871692
C004650,C_individual,one-year,35,410.7,0.918869419556277
C004651,C_individual,month-to-month,30,526.8,1.0210679764768593
C004652,A_enterprise,two-year,5,3947.11,0.9326636304510255
C004653,A_enterprise,month-to-month,15,2349.18,1.0603579166968145
C004654,B_smb,month-to-month,15,1264.14,0.9907169221756962
C004655,C_individual,month-to-month,8,233.07,1.2927989193421787
C004656,C_individual,one-year,37,354.16,1.0069010439254116
C004657,A_enterprise,one-year,46,3649.56,0.966608361737418
C004658,C_individual,month-to-month,46,568.98,1.1544154375226445
C004659,B_smb,month-to-month,9,1457.02,0.7913373297461581
C004660,C_individual,month-to-month,21,483.1,1.2537583809512018
C004661,C_individual,one-year,11,498.28,0.851727889480969
C004662,B_smb,two-year,3,2198.3,1.1788671429721502
C004663,A_enterprise,one-year,29,3281.09,1.2184914614515465
C004664,C_individual,month-to-month,41,388.86,0.9211290576879727
C004665,B_smb,one-year,3,963.9,0.9355430629974069
C004666,C_individual,month-to-month,30,473.49,0.9836232978942766
C004667,B_smb,month-to-month,1,1056.84,1.0932319582383512
C004668,C_individual,month-to-month,40,299.11,0.8502912791407113
C004669,B_smb,month-to-month,3,1263.88,0.9836160750218818
C004670,B_smb,month-to-month,20,1041.19,0.9529862846752147
C004671,B_smb,one-year,5,1110.62,0.827303135901512
C004672,A_enterprise,month-to-month,19,5291.58,0.8432493590861747
C004673,B_smb,one-year,20,793.11,1.0192370391721555
C004674,C_individual,two-year,25,410.63,1.0165788030754208
C004675,A_enterprise,one-year,39,5005.79,0.8854034163030076
C004676,A_enterprise,month-to-month,47,5399.38,1.0118863042360688
C004677,A_enterprise,one-year,16,4360.82,0.9029570859010849
C004678,A_enterprise,month-to-month,44,4693.83,1.1960636516743268
C004679,C_individual,month-to-month,20,598.47,0.9845527175118638
C004680,C_individual,month-to-month,5,335.34,1.1646302476942691
C004681,A_enterprise,two-year,28,2933.25,0.7460965574653419
C004682,C_individual,two-year,34,410.8,1.0484148736871466
C004683,C_individual,two-year,14,524.29,1.0894118136654314
C004684,C_individual,one-year,28,344.92,0.9793174945874302
C004685,B_smb,one-year,20,1379.65,0.9191719812302447
C004686,B_smb,two-year,6,1845.86,0.9769173323255524
C004687,B_smb,two-year,18,1285.84,1.1113697763289756
C004688,C_individual,month-to-month,20,458.12,0.8184200094566365
C004689,C_individual,two-year,16,595.92,1.1050734706611147
C004690,B_smb,two-year,43,1459.86,1.0477548559105883
C004691,B_smb,one-year,18,1469.01,0.9608811307450119
C004692,C_individual,month-to-month,30,529.41,0.9672906016480705
C004693,C_individual,month-to-month,0,430.72,1.0092790258575814
C004694,B_smb,one-year,15,1275.06,1.2487929357482315
C004695,C_individual,month-to-month,42,411.57,1.0522003666861257
C004696,B_smb,month-to-month,42,1292.03,0.8585961768335694
C004697,B_smb,one-year,46,1641.31,0.9347052754363477
C004698,C_individual,two-year,2,373.55,0.8283132755914501
C004699,C_individual,two-year,41,340.4,0.7165317570286748
C004700,C_individual,one-year,12,395.04,0.8256793335138115
C004701,B_smb,month-to-month,0,1186.22,1.0180114544249077
C004702,B_smb,month-to-month,4,1188.38,1.1910936171223743
C004703,B_smb,one-year,36,1562.0,1.1493660098160072
C004704,A_enterprise,month-to-month,28,4230.73,0.8267108821468692
C004705,B_smb,one-year,27,1421.54,0.880352496256855
C004706,A_enterprise,two-year,42,3064.18,0.8591974190155204
C004707,B_smb,one-year,4,1475.79,0.6127585831670009
C004708,B_smb,one-year,3,2019.72,0.9748538571188898
C004709,B_smb,one-year,44,1384.03,1.1204882432291356
C004710,C_individual,two-year,29,382.56,0.9621414419475081
C004711,B_smb,month-to-month,37,1234.49,0.8098275172566235
C004712,C_individual,month-to-month,25,466.3,0.8732277626294355
C004713,C_individual,month-to-month,6,596.37,0.9506729800626977
C004714,C_individual,one-year,25,480.22,1.1155330023923817
C004715,B_smb,month-to-month,46,1145.15,0.9725773057164006
C004716,B_smb,one-year,5,1732.59,1.09523639596348
C004717,C_individual,one-year,6,268.64,0.9877987992500155
C004718,C_individual,month-to-month,16,172.58,1.0355183471547427
C004719,A_enterprise,one-year,21,3398.64,0.8589746297207201
C004720,B_smb,month-to-month,30,1659.88,0.8971232794421701
C004721,C_individual,month-to-month,7,458.66,0.8116285501162634
C004722,B_smb,month-to-month,44,1541.79,1.0902483120055677
C004723,C_individual,month-to-month,7,288.98,0.9563222305259318
C004724,A_enterprise,two-year,9,5170.5,0.5
C004725,B_smb,two-year,46,1269.92,1.0721731626096789
C004726,C_individual,one-year,18,484.94,1.1461211913850409
C004727,B_smb,one-year,27,1799.21,0.8782434185195503
C004728,C_individual,one-year,20,393.65,1.072042744856479
C004729,B_smb,two-year,12,1390.71,0.9685408428233545
C004730,B_smb,one-year,24,1460.12,0.6823269295952162
C004731,C_individual,month-to-month,37,385.38,1.2929451399622647
C004732,B_smb,one-year,0,1617.33,0.9694420555077358
C004733,B_smb,two-year,42,1625.02,1.0302123725131096
C004734,C_individual,month-to-month,8,444.23,0.9063113486867413
C004735,C_individual,month-to-month,44,155.65,0.9556704743280935
C004736,C_individual,month-to-month,46,385.74,1.024249360400323
C004737,A_enterprise,month-to-month,44,4084.77,0.8436190522953053
C004738,A_enterprise,one-year,31,6157.45,1.2540947069550012
C004739,C_individual,month-to-month,43,279.07,1.12572201369161
C004740,B_smb,two-year,41,1197.43,1.0775242809099363
C004741,B_smb,one-year,30,1354.65,0.9787326514657012
C004742,C_individual,month-to-month,42,392.91,0.8858171922286605
C004743,B_smb,two-year,16,982.57,1.154513441986854
C004744,A_enterprise,one-year,40,4107.65,1.0916040117401569
C004745,A_enterprise,one-year,44,3410.45,0.9400866381800053
C004746,B_smb,month-to-month,30,1429.94,0.8373216827461991
C004747,C_individual,two-year,5,447.56,0.7636145995051774
C004748,C_individual,month-to-month,10,491.18,1.004285832096407
C004749,A_enterprise,month-to-month,8,4674.62,0.9626613787520157
C004750,B_smb,month-to-month,25,1102.7,1.1778436806315062
C004751,C_individual,month-to-month,20,384.4,1.1488306788573617
C004752,B_smb,one-year,39,1043.02,1.0058341458823687
C004753,B_smb,month-to-month,13,936.4,0.9878320453077831
C004754,C_individual,one-year,7,445.09,0.8271869114178145
C004755,C_individual,month-to-month,29,449.74,1.1591466262162404
C004756,B_smb,two-year,6,1178.99,0.9914905161167324
C004757,C_individual,month-to-month,43,364.41,1.0907921471003814
C004758,A_enterprise,two-year,3,3241.92,1.1765206182138261
C004759,C_individual,two-year,23,514.01,0.91515886266966
C004760,C_individual,month-to-month,45,527.9,0.8758126448846818
C004761,C_individual,one-year,26,489.15,1.3703058507921249
C004762,C_individual,month-to-month,38,546.49,1.089170317161324
C004763,C_individual,two-year,20,330.08,0.9582102310753635
C004764,B_smb,one-year,36,1384.35,1.1859843630403586
C004765,B_smb,month-to-month,33,1212.88,0.9537614581872675
C004766,C_individual,month-to-month,24,464.99,1.0488228076288237
C004767,C_individual,month-to-month,4,406.52,0.91476501016025
C004768,B_smb,two-year,46,1481.92,0.9974544243609514
C004769,C_individual,one-year,2,304.18,0.9588894803121957
C004770,C_individual,month-to-month,17,488.48,0.8872178622795711
C004771,B_smb,month-to-month,30,1414.92,1.0364293736342705
C004772,A_enterprise,month-to-month,36,4580.35,0.904210722785597
C004773,B_smb,one-year,25,1325.98,1.0863980562017845
C004774,A_enterprise,month-to-month,19,4345.68,0.9543183607028913
C004775,A_enterprise,month-to-month,19,4657.83,0.741985073707493
C004776,B_smb,two-year,46,814.9,1.0931272136360664
C004777,A_enterprise,month-to-month,16,4584.19,1.0956396244013393
C004778,B_smb,one-year,41,1256.97,1.3380328008827793
C004779,C_individual,month-to-month,2,527.4,1.0026582754534552
C004780,B_smb,month-to-month,31,1107.62,1.0274982488015865
C004781,C_individual,one-year,32,455.9,1.071788498724694
C004782,C_individual,month-to-month,32,335.01,1.152955321890259
C004783,C_individual,month-to-month,20,466.74,1.1435799009834362
C004784,C_individual,two-year,33,100.0,1.0478178074308404
C004785,C_individual,two-year,21,473.66,0.9950537046071851
C004786,B_smb,one-year,28,1513.25,1.126399273144134
C004787,C_individual,month-to-month,42,436.71,0.9888101039632481
C004788,A_enterprise,month-to-month,32,3324.15,0.8066247924362412
C004789,C_individual,month-to-month,35,684.76,0.7748162717949242
C004790,B_smb,two-year,46,820.24,0.9560102810794082
C004791,A_enterprise,two-year,10,5640.4,1.01799535529924
C004792,B_smb,one-year,28,1809.81,1.3708043860407675
C004793,C_individual,two-year,31,212.28,0.9819961714558932
C004794,B_smb,month-to-month,33,2066.93,1.0069900818352997
C004795,B_smb,one-year,6,1016.47,0.9393500726642252
C004796,B_smb,month-to-month,36,1869.13,1.0928208913968873
C004797,B_smb,month-to-month,9,1216.79,1.042051461046398
C004798,C_individual,two-year,19,441.57,0.9042495158174075
C004799,C_individual,two-year,34,322.27,0.848280922940807
C004800,B_smb,month-to-month,12,1434.7,0.9396449702169881
C004801,B_smb,month-to-month,6,1578.66,0.8734943388337926
C004802,A_enterprise,one-year,32,3756.34,0.9653258544529627
C004803,B_smb,month-to-month,13,1640.33,1.021221968204801
C004804,C_individual,one-year,39,473.17,0.9248209716827229
C004805,C_individual,one-year,43,425.65,1.2181748326118977
C004806,B_smb,month-to-month,16,606.45,1.173909219330215
C004807,C_individual,month-to-month,35,610.8,0.9655663528224943
C004808,B_smb,month-to-month,10,1779.06,0.8553750644966732
C004809,C_individual,two-year,44,572.18,0.9955309366999828
C004810,C_individual,month-to-month,11,554.26,0.9799422478550298
C004811,C_individual,one-year,42,661.81,0.9905826316548321
C004812,C_individual,month-to-month,37,324.3,0.9402962302887191
C004813,C_individual,one-year,15,322.86,0.8425905759925503
C004814,B_smb,month-to-month,39,1201.97,1.0052334267671932
C004815,A_enterprise,month-to-month,30,2290.28,0.9473702925416757
C004816,B_smb,one-year,32,1676.78,0.9607096971547588
C004817,C_individual,one-year,18,327.6,1.0140941721012304
C004818,C_individual,month-to-month,11,450.68,0.9895962388848719
C004819,C_individual,month-to-month,33,438.67,1.010832992915111
C004820,C_individual,two-year,2,550.96,0.9404224554861099
C004821,B_smb,month-to-month,16,1543.26,1.0540217186942977
C004822,C_individual,month-to-month,6,221.45,0.8923301225852229
C004823,C_individual,month-to-month,0,496.26,0.8368087639038512
C004824,B_smb,month-to-month,0,1197.42,0.8665031407038744
C004825,B_smb,one-year,4,1173.7,0.8984965744061473
C004826,B_smb,one-year,45,766.61,0.8068297660135295
C004827,B_smb,one-year,37,1967.17,0.7460939914526652
C004828,C_individual,one-year,47,517.89,1.0755191358604084
C004829,C_individual,month-to-month,4,360.65,1.191136480373622
C004830,C_individual,one-year,47,420.42,1.0836556124185082
C004831,B_smb,month-to-month,28,1659.93,0.9275354651974527
C004832,C_individual,month-to-month,38,507.2,0.7425345856892178
C004833,C_individual,one-year,41,351.1,1.0287915930301692
C004834,B_smb,month-to-month,12,1310.6,0.7589039770693429
C004835,C_individual,month-to-month,35,506.41,0.9870010983140055
C004836,A_enterprise,month-to-month,31,4884.51,0.8800630634548187
C004837,A_enterprise,one-year,19,3874.72,0.657910800435274
C004838,A_enterprise,month-to-month,23,3077.59,1.222080115502939
C004839,B_smb,one-year,10,996.96,0.8116294153397219
C004840,C_individual,one-year,8,483.76,0.9466313432678719
C004841,B_smb,one-year,44,1679.01,0.9806544068157214
C004842,B_smb,month-to-month,35,1839.74,0.929432399651909
C004843,B_smb,two-year,27,909.53,1.0696870263370104
C004844,B_smb,month-to-month,33,1586.08,0.8888544407245741
C004845,B_smb,two-year,19,1215.48,1.0572862363632354
C004846,A_enterprise,one-year,11,4930.11,1.0477757394398646
C004847,C_individual,month-to-month,45,542.81,0.7933372449197845
C004848,A_enterprise,one-year,47,5277.33,1.0353760792743845
C004849,C_individual,one-year,10,488.3,0.8419041474536484
C004850,B_smb,month-to-month,38,1514.57,0.8251538849805489
C004851,C_individual,month-to-month,21,460.13,1.0435843878553317
C004852,C_individual,one-year,33,444.82,0.9387469370621567
C004853,A_enterprise,one-year,5,4552.59,1.0559406511230123
C004854,A_enterprise,two-year,23,3193.99,1.0572607388809114
C004855,C_individual,month-to-month,5,349.98,0.7857991946745595
C004856,B_smb,one-year,39,1292.96,1.11109268344063
C004857,C_individual,one-year,19,630.2,1.0427524589380184
C004858,A_enterprise,one-year,12,4266.44,0.9120043343329755
C004859,B_smb,month-to-month,33,1473.41,0.9796189038457667
C004860,C_individual,month-to-month,45,369.79,1.1153714004073225
C004861,C_individual,one-year,16,360.04,0.9520583402594067
C004862,B_smb,month-to-month,34,1813.53,1.3172889218172232
C004863,C_individual,month-to-month,33,329.71,1.223603949470631
C004864,C_individual,one-year,23,388.14,1.0175175283755566
C004865,A_enterprise,month-to-month,38,3563.42,0.965801876436985
C004866,B_smb,month-to-month,6,1066.98,0.9722989780974658
C004867,B_smb,month-to-month,42,1267.75,0.9099019911652411
C004868,B_smb,one-year,19,1913.25,1.0187832545912152
C004869,C_individual,two-year,2,484.21,1.10313199018103
C004870,B_smb,month-to-month,47,1389.66,0.7975782844975563
C004871,B_smb,month-to-month,37,1589.4,1.0964168622234252
C004872,C_individual,two-year,39,383.02,1.140032660978272
C004873,C_individual,month-to-month,7,472.73,1.0858265292927323
C004874,C_individual,two-year,36,476.79,0.9805082784329033
C004875,C_individual,one-year,33,621.51,1.079594578830697
C004876,B_smb,month-to-month,43,1817.02,1.1948921485234139
C004877,C_individual,month-to-month,17,385.57,0.9912708711650963
C004878,B_smb,month-to-month,44,1352.74,1.0035415277119668
C004879,B_smb,one-year,33,2121.56,1.3198817354748424
C004880,A_enterprise,month-to-month,12,3855.35,1.0460865677254807
C004881,C_individual,two-year,10,392.81,0.8489059043245917
C004882,C_individual,one-year,43,420.54,1.1309456874527042
C004883,B_smb,two-year,30,1440.82,1.0602912852058
C004884,C_individual,two-year,5,327.57,0.9016874460330758
C004885,C_individual,month-to-month,6,547.82,0.8344071708784877
C004886,A_enterprise,one-year,39,3884.25,1.0357896788369636
C004887,C_individual,two-year,8,388.49,0.9909848545773396
C004888,B_smb,month-to-month,10,1736.6,0.8133625311659413
C004889,C_individual,month-to-month,29,519.11,0.9867289360419509
C004890,B_smb,month-to-month,41,1393.66,0.9772842230423485
C004891,B_smb,month-to-month,16,890.55,0.9906378276855123
C004892,B_smb,two-year,31,1705.54,1.0737384514898107
C004893,B_smb,month-to-month,33,1581.56,0.735715968056236
C004894,C_individual,one-year,28,405.07,0.8331807056515494
C004895,B_smb,two-year,32,1105.62,0.9269582001361212
C004896,B_smb,month-to-month,10,1987.74,1.198926862963183
C004897,C_individual,one-year,29,552.72,1.35516727537726
C004898,C_individual,month-to-month,0,681.35,1.0007264433721252
C004899,C_individual,month-to-month,35,361.47,1.0068317472909734
C004900,B_smb,month-to-month,38,1603.24,0.6334952118410785
C004901,B_smb,month-to-month,38,1612.17,1.1356693545340277
C004902,B_smb,month-to-month,1,1261.1,1.067446593005581
C004903,C_individual,month-to-month,43,455.26,1.042470374332902
C004904,C_individual,month-to-month,20,414.04,0.8130680146204584
C004905,C_individual,month-to-month,3,456.27,1.296983194422871
C004906,C_individual,one-year,25,462.33,1.228081440855034
C004907,A_enterprise,month-to-month,27,3884.94,1.0441530477249874
C004908,C_individual,two-year,19,592.56,1.1487992134285765
C004909,B_smb,two-year,35,1570.3,1.0076664935437571
C004910,A_enterprise,one-year,26,3022.53,1.1231615583669754
C004911,B_smb,one-year,10,1000.69,0.8039122288341157
C004912,B_smb,one-year,29,1422.96,0.6589436118070645
C004913,C_individual,one-year,12,436.37,0.8095762717517178
C004914,B_smb,two-year,5,1712.11,0.8790276112935969
C004915,C_individual,two-year,12,510.2,0.9034656199343623
C004916,C_individual,month-to-month,43,356.68,1.067216917567768
C004917,C_individual,one-year,27,530.13,0.9613992551626858
C004918,C_individual,two-year,15,333.35,0.9957003735467554
C004919,B_smb,month-to-month,17,1397.78,0.822308531997858
C004920,B_smb,one-year,41,1732.19,0.8093250926954864
C004921,B_smb,one-year,31,1256.09,1.006165506045147
C004922,B_smb,one-year,37,1281.01,0.9186842442232006
C004923,C_individual,month-to-month,29,636.25,1.0006848067105423
C004924,B_smb,month-to-month,47,1865.37,1.0816599047778288
C004925,B_smb,month-to-month,31,1135.17,1.2459229182633274
C004926,B_smb,one-year,19,1840.63,0.9969321736622148
C004927,B_smb,two-year,12,1063.44,1.2720015850399533
C004928,C_individual,two-year,2,431.41,1.0609412236316464
C004929,B_smb,month-to-month,36,1303.93,1.1034254967062445
C004930,C_individual,month-to-month,44,554.63,1.1579627652902305
C004931,C_individual,one-year,31,613.44,1.107961986871701
C004932,C_individual,one-year,23,544.4,0.8797439767211862
C004933,B_smb,one-year,6,1584.42,1.162458256165391
C004934,C_individual,month-to-month,30,496.99,0.9438876111691492
C004935,B_smb,month-to-month,9,1512.27,1.0452533079508655
C004936,B_smb,one-year,29,1423.69,1.0199276812951754
C004937,C_individual,one-year,14,646.35,1.1716144548491136
C004938,C_individual,month-to-month,41,306.05,1.0589600325293889
C004939,B_smb,two-year,44,1428.82,0.7920759241762245
C004940,C_individual,one-year,11,515.94,1.3137485137095875
C004941,A_enterprise,two-year,15,4481.74,1.1252400777799259
C004942,C_individual,month-to-month,44,458.19,0.9174261091729979
C004943,C_individual,month-to-month,0,367.8,0.829405121062034
C004944,C_individual,two-year,24,384.37,1.1423904171325252
C004945,C_individual,two-year,6,458.8,0.8471400530378719
C004946,C_individual,two-year,20,410.53,1.120107530877374
C004947,C_individual,two-year,1,338.04,1.160362428704041
C004948,C_individual,month-to-month,6,423.43,0.9025348515385307
C004949,C_individual,month-to-month,19,292.25,0.8891519803820855
C004950,B_smb,month-to-month,2,1678.43,0.9294673921326748
C004951,C_individual,two-year,38,296.15,0.8516679812411893
C004952,B_smb,month-to-month,27,988.45,1.0344352835789485
C004953,C_individual,one-year,21,498.67,1.0558418937252576
C004954,B_smb,two-year,22,1987.02,1.1091238203960248
C004955,B_smb,two-year,40,1028.67,0.8750013860955901
C004956,C_individual,two-year,40,510.75,1.1259939053112276
C004957,B_smb,one-year,2,1265.48,0.8518485926215764
C004958,B_smb,month-to-month,32,1715.57,1.1259088492322902
C004959,C_individual,two-year,22,646.84,0.7770010975632927
C004960,B_smb,month-to-month,37,1448.7,1.2351609871035252
C004961,B_smb,month-to-month,37,1409.66,0.9217725339829188
C004962,B_smb,two-year,33,884.26,1.0898633290332582
C004963,B_smb,one-year,32,1826.9,1.101769225021979
C004964,B_smb,one-year,10,1294.05,0.8095698523964481
C004965,A_enterprise,month-to-month,40,3892.3,1.1252699746389798
C004966,B_smb,one-year,33,1691.48,0.917387810615335
C004967,B_smb,two-year,13,1459.28,0.9540889569473522
C004968,A_enterprise,one-year,11,4411.7,0.8994666609210805
C004969,C_individual,month-to-month,24,401.1,1.2420690359672855
C004970,C_individual,one-year,16,511.44,0.8245037873812553
C004971,A_enterprise,two-year,32,4260.22,1.0645431670895686
C004972,B_smb,two-year,19,1063.17,0.9064508166280567
C004973,C_individual,month-to-month,8,518.1,1.1636608219023565
C004974,C_individual,one-year,18,353.64,1.3482031684406277
C004975,B_smb,month-to-month,39,1130.41,0.9054482108648219
C004976,B_smb,month-to-month,39,1185.42,1.0210088211868835
C004977,B_smb,month-to-month,14,1136.11,0.9422196616143658
C004978,C_individual,one-year,38,329.3,1.155710678126179
C004979,C_individual,one-year,4,718.47,0.9626947337212711
C004980,C_individual,month-to-month,47,526.74,1.13582835795912
C004981,B_smb,month-to-month,36,746.91,0.9403403608245864
C004982,B_smb,month-to-month,1,1594.59,1.3365606248145365
C004983,B_smb,month-to-month,33,1267.37,0.6712713707988897
C004984,B_smb,one-year,23,1552.81,1.0565298402206507
C004985,B_smb,month-to-month,42,1355.15,0.9984187974824096
C004986,C_individual,month-to-month,11,456.52,0.9929897847041651
C004987,B_smb,two-year,42,1378.56,1.0428091338303307
C004988,C_individual,month-to-month,41,408.06,1.0087650891369797
C004989,A_enterprise,two-year,13,4039.85,1.0328557702937513
C004990,A_enterprise,one-year,20,4256.19,1.0612150786086174
C004991,C_individual,one-year,30,415.15,1.262347153221746
C004992,C_individual,one-year,11,548.43,0.5851630342653581
C004993,B_smb,month-to-month,47,1732.65,1.2770619376603092
C004994,C_individual,two-year,9,372.19,1.383969702752743
C004995,B_smb,two-year,11,1205.37,0.7373380923780053
C004996,B_smb,month-to-month,24,1177.98,1.0071784596548539
C004997,B_smb,one-year,22,1195.25,1.20569389041902
C004998,B_smb,one-year,2,1667.12,1.1377799856540558
C004999,C_individual,two-year,43,353.26,1.251431428101317
C005000,B_smb,two-year,11,1665.21,1.0557914959167798
C005001,C_individual,month-to-month,4,462.63,0.6950809978012951
C005002,C_individual,two-year,24,284.09,1.1956944218129766
C005003,B_smb,two-year,44,1718.95,1.0953213552973748
C005004,A_enterprise,one-year,0,4244.32,1.2199515305584514
C005005,B_smb,month-to-month,23,959.4,0.7699015002776183
C005006,C_individual,two-year,43,690.62,0.8176015480772593
C005007,C_individual,one-year,42,376.74,1.0024684385076705
C005008,C_individual,month-to-month,8,252.11,1.199964096133791
C005009,B_smb,two-year,29,1808.67,1.2417383730874185
C005010,B_smb,one-year,40,1354.6,0.8911381033880237
C005011,C_individual,two-year,32,416.35,0.9390341950018629
C005012,B_smb,one-year,31,1737.22,1.430794154739909
C005013,C_individual,month-to-month,37,704.37,0.9170831053905402
C005014,B_smb,two-year,21,1226.15,1.1013021374171759
C005015,B_smb,one-year,3,1061.85,0.9322234753248847
C005016,C_individual,one-year,30,601.76,1.0712139139286319
C005017,B_smb,month-to-month,30,1179.68,0.8700500288924048
C005018,C_individual,month-to-month,40,484.98,0.8743246274436255
C005019,B_smb,one-year,44,1094.28,0.9443825551050944
C005020,C_individual,month-to-month,16,479.95,0.9182174057525214
C005021,C_individual,two-year,45,517.39,0.9543824966924039
C005022,C_individual,two-year,0,401.5,1.0788777139505588
C005023,C_individual,one-year,46,284.4,1.283556770007569
C005024,C_individual,month-to-month,6,608.55,0.9114242437813002
C005025,C_individual,one-year,30,566.82,0.8517301217997797
C005026,B_smb,month-to-month,32,1852.89,1.001426390177334
C005027,B_smb,two-year,30,1379.56,0.872298030917219
C005028,C_individual,month-to-month,47,573.25,0.7547300066172073
C005029,A_enterprise,two-year,26,5058.26,1.159639904353087
C005030,A_enterprise,month-to-month,6,2619.28,1.012075950781016
C005031,C_individual,month-to-month,29,567.85,1.0267740169528428
C005032,A_enterprise,two-year,13,6169.77,0.7109253670934335
C005033,C_individual,one-year,29,496.64,0.9122856648610842
C005034,C_individual,two-year,18,339.66,0.7876184847660364
C005035,B_smb,two-year,2,1447.81,0.9969295154271063
C005036,C_individual,one-year,30,356.72,1.0201487378339746
C005037,B_smb,month-to-month,4,1470.37,1.0200398924102607
C005038,C_individual,one-year,15,425.35,0.899958108293464
C005039,C_individual,two-year,29,528.02,0.8720543979627986
C005040,B_smb,two-year,42,1909.28,0.9710175428760509
C005041,B_smb,month-to-month,15,1845.96,1.053551862422798
C005042,B_smb,one-year,14,1971.17,0.9131178052610623
C005043,B_smb,month-to-month,14,1412.73,0.859389030635666
C005044,B_smb,one-year,27,1294.3,0.865793091941519
C005045,C_individual,two-year,9,289.21,0.9012356049128277
C005046,B_smb,two-year,25,1328.53,0.9321025878945874
C005047,C_individual,month-to-month,38,411.54,0.8352727995905874
C005048,B_smb,month-to-month,3,1645.79,0.9331733420337117
C005049,C_individual,month-to-month,46,372.15,1.1854201354218818
C005050,B_smb,month-to-month,25,959.79,0.9558240634855295
C005051,B_smb,month-to-month,30,1247.52,0.8141725422897294
C005052,C_individual,two-year,29,461.2,0.6612259921693002
C005053,A_enterprise,month-to-month,45,3635.14,1.2754580075837114
C005054,C_individual,month-to-month,31,186.79,1.1708979856032993
C005055,B_smb,one-year,42,1810.71,1.042690698457984
C005056,C_individual,month-to-month,13,391.94,1.174405484432982
C005057,C_individual,month-to-month,10,416.22,1.0791393584576643
C005058,C_individual,two-year,30,612.34,0.9886494732538887
C005059,A_enterprise,month-to-month,7,5108.85,0.8139717418920102
C005060,B_smb,month-to-month,5,1231.56,1.2862950283349122
C005061,B_smb,one-year,10,1296.85,0.9344438410850673
C005062,B_smb,month-to-month,13,1714.91,0.9426414792218963
C005063,A_enterprise,month-to-month,4,4729.16,1.0056185176623398
C005064,C_individual,month-to-month,34,443.12,1.0081932030391165
C005065,C_individual,month-to-month,27,496.25,1.0862060521871997
C005066,C_individual,two-year,9,582.76,1.0689381339787658
C005067,B_smb,month-to-month,13,1481.04,0.9134704525765519
C005068,B_smb,month-to-month,44,1384.63,1.0038830015138185
C005069,C_individual,month-to-month,43,372.71,1.081461766152047
C005070,B_smb,two-year,5,1785.73,0.9007013764677566
C005071,B_smb,month-to-month,29,1711.58,1.216998228741128
C005072,B_smb,two-year,15,1669.07,0.9969622102776571
C005073,C_individual,month-to-month,17,324.87,1.2397713703992224
C005074,C_individual,two-year,28,444.12,0.7911796629888349
C005075,B_smb,month-to-month,47,1279.81,1.0981943356248316
C005076,B_smb,month-to-month,27,915.21,0.8664445504080857
C005077,A_enterprise,one-year,45,3477.01,0.9048292585511182
C005078,B_smb,month-to-month,39,1417.32,1.1357276679311616
C005079,C_individual,one-year,37,259.71,0.9657284110588523
C005080,B_smb,one-year,37,1246.71,1.389611776214891
C005081,C_individual,one-year,38,448.82,1.0777041828471847
C005082,B_smb,month-to-month,12,956.83,0.8956336477101946
C005083,A_enterprise,one-year,46,3832.31,1.077970101398306
C005084,C_individual,month-to-month,44,504.07,0.964420002595024
C005085,B_smb,two-year,28,1315.83,1.1248076758266246
C005086,C_individual,one-year,34,469.67,0.9555719977518216
C005087,B_smb,one-year,42,1720.97,1.0610014814181081
C005088,C_individual,two-year,7,367.25,1.0297648664602668
C005089,B_smb,one-year,3,1367.18,1.0117643246558468
C005090,B_smb,one-year,47,2220.9,1.1562697388921275
C005091,C_individual,month-to-month,26,308.65,0.7295121184123006
C005092,B_smb,one-year,34,1676.89,1.0146265823700262
C005093,B_smb,month-to-month,24,845.89,0.8948238762610617
C005094,C_individual,month-to-month,24,441.74,0.7977023629460935
C005095,C_individual,two-year,1,406.63,0.8743288751427405
C005096,C_individual,month-to-month,13,648.36,0.9070369132754136
C005097,C_individual,one-year,4,562.88,0.9646994027296475
C005098,C_individual,month-to-month,20,438.34,1.0505994024378658
C005099,C_individual,month-to-month,1,461.16,1.0813439894933865
C005100,C_individual,two-year,38,615.16,0.9386397616553179
C005101,B_smb,month-to-month,14,1586.66,1.2376934957432697
C005102,A_enterprise,one-year,35,4131.86,0.9443004963601244
C005103,C_individual,one-year,2,477.23,0.7080315109477358
C005104,C_individual,two-year,1,499.67,0.9483112952211833
C005105,B_smb,month-to-month,20,1075.05,1.0070740514203218
C005106,B_smb,one-year,37,1587.54,0.5090550179642797
C005107,B_smb,month-to-month,39,1787.58,1.181100387269478
C005108,C_individual,month-to-month,26,280.99,0.9851385001725724
C005109,C_individual,month-to-month,29,379.85,0.8271406244612024
C005110,B_smb,month-to-month,33,1123.29,0.8559805740070504
C005111,C_individual,one-year,32,339.37,1.1142587499083558
C005112,C_individual,month-to-month,35,217.94,1.1325881767687014
C005113,C_individual,month-to-month,1,467.31,0.9026851050063956
C005114,A_enterprise,one-year,20,5236.12,0.7967062573402718
C005115,C_individual,month-to-month,40,242.75,1.019632081169268
C005116,C_individual,month-to-month,21,458.93,1.0471614644959983
C005117,C_individual,month-to-month,7,403.65,1.0847903994036234
C005118,A_enterprise,month-to-month,31,5232.91,0.9155308964571377
C005119,C_individual,one-year,14,460.66,0.9816851713824254
C005120,C_individual,two-year,24,520.33,1.003021417730876
C005121,B_smb,one-year,24,1475.89,1.145021770432761
C005122,B_smb,one-year,33,1186.49,1.1993955424592047
C005123,C_individual,month-to-month,44,391.49,1.240103574502592
C005124,C_individual,two-year,33,579.72,1.1953720773169354
C005125,A_enterprise,month-to-month,47,4389.23,1.2720191761404376
C005126,B_smb,month-to-month,0,1738.71,1.1519741609673393
C005127,B_smb,month-to-month,37,1060.61,0.9115970677319875
C005128,C_individual,month-to-month,20,306.83,1.2300262876669994
C005129,C_individual,one-year,35,577.21,0.7935369327901722
C005130,B_smb,month-to-month,4,924.43,1.3546697241213674
C005131,B_smb,month-to-month,25,951.84,0.8537146997180568
C005132,B_smb,month-to-month,1,1435.04,1.1331472148145325
C005133,B_smb,two-year,31,1618.88,1.2166380686256437
C005134,C_individual,one-year,10,393.24,1.068893491323663
C005135,C_individual,two-year,6,592.63,0.692447271376604
C005136,A_enterprise,two-year,3,5766.63,0.8578084103161719
C005137,A_enterprise,two-year,12,4868.21,1.0535220365400007
C005138,B_smb,month-to-month,46,1147.85,1.095343129260444
C005139,C_individual,month-to-month,47,252.63,0.9731812584118971
C005140,C_individual,month-to-month,3,594.04,1.011150302053007
C005141,C_individual,month-to-month,47,620.91,0.7796647166534001
C005142,B_smb,one-year,28,1788.2,1.2661528451372934
C005143,C_individual,month-to-month,15,432.82,0.9433099502883973
C005144,B_smb,month-to-month,45,1516.98,1.118313808969648
C005145,C_individual,one-year,11,323.52,1.2105343121142644
C005146,C_individual,month-to-month,8,331.34,0.8267435007702209
C005147,B_smb,month-to-month,11,1409.38,1.0192023020242753
C005148,C_individual,month-to-month,6,616.49,1.0416987595455502
C005149,B_smb,one-year,23,1533.82,0.9612924058272858
C005150,C_individual,month-to-month,6,391.4,1.1391032758846167
C005151,A_enterprise,month-to-month,10,3403.41,0.899913357702822
C005152,B_smb,month-to-month,17,1877.12,1.0082466369396115
C005153,B_smb,one-year,31,1438.08,0.9443657669169973
C005154,A_enterprise,month-to-month,41,3475.86,1.3488314438618247
C005155,A_enterprise,month-to-month,3,3809.9,0.9005800489829731
C005156,B_smb,two-year,30,1909.48,1.111741887712151
C005157,C_individual,two-year,4,359.9,1.2694960835593503
C005158,B_smb,month-to-month,47,1666.21,0.8622452109952151
C005159,B_smb,month-to-month,13,1417.96,1.0142999423756056
C005160,C_individual,month-to-month,41,656.22,0.8520380606414844
C005161,C_individual,one-year,37,351.38,0.698061982223013
C005162,A_enterprise,month-to-month,15,4360.64,0.8822473826718416
C005163,B_smb,two-year,15,1408.94,0.9144455009105831
C005164,C_individual,two-year,15,432.3,0.9233607527128687
C005165,C_individual,one-year,22,525.38,0.9550535247392106
C005166,B_smb,month-to-month,21,1863.28,1.0009191111580342
C005167,C_individual,two-year,31,309.6,0.8204797583503746
C005168,A_enterprise,one-year,22,4573.27,1.052743032374476
C005169,B_smb,one-year,37,592.03,1.1819998157769547
C005170,C_individual,month-to-month,22,522.95,1.199596783192796
C005171,C_individual,one-year,14,418.62,0.9609738585149105
C005172,C_individual,two-year,15,560.7,1.1340831853221822
C005173,A_enterprise,two-year,35,4174.96,0.8978499739758821
C005174,B_smb,one-year,6,1472.78,0.9484954460281658
C005175,A_enterprise,one-year,13,4932.11,1.0597787120097062
C005176,B_smb,month-to-month,14,1397.74,0.9497931977139984
C005177,A_enterprise,one-year,30,5197.35,0.8104140528576409
C005178,C_individual,two-year,6,353.62,1.1249882735733001
C005179,C_individual,one-year,21,334.8,0.8757094170223916
C005180,C_individual,month-to-month,32,405.36,0.922003563635543
C005181,B_smb,month-to-month,44,723.74,1.1587334033663936
C005182,A_enterprise,one-year,21,4541.93,1.0805687960766197
C005183,C_individual,two-year,47,462.75,1.026416670465755
C005184,A_enterprise,month-to-month,29,3937.04,0.7796038934388374
C005185,C_individual,month-to-month,37,505.56,0.8255049551605678
C005186,A_enterprise,two-year,11,3938.17,1.0595986425595691
C005187,C_individual,one-year,43,336.72,1.0945047569064268
C005188,C_individual,month-to-month,12,435.77,1.0379529040194728
C005189,C_individual,month-to-month,6,420.59,0.9289390220256348
C005190,C_individual,month-to-month,3,422.9,0.9240091908469109
C005191,C_individual,month-to-month,31,365.13,1.0323746585470484
C005192,A_enterprise,one-year,30,4003.14,0.8122341859864534
C005193,C_individual,one-year,9,336.9,1.0137533525802827
C005194,C_individual,one-year,42,435.34,0.7916844510724325
C005195,C_individual,one-year,13,413.24,0.842105733095854
C005196,B_smb,month-to-month,29,853.59,1.0267321151685158
C005197,B_smb,month-to-month,25,1472.31,1.0874848018341612
C005198,C_individual,month-to-month,28,292.26,1.0512699699645425
C005199,C_individual,month-to-month,35,163.04,0.8328202622619605
C005200,B_smb,one-year,44,1066.69,0.719347313329833
C005201,B_smb,month-to-month,34,1430.39,0.9987527140970227
C005202,B_smb,one-year,43,1605.86,0.7150932087536896
C005203,B_smb,month-to-month,41,1346.21,1.1416638738678344
C005204,B_smb,month-to-month,17,1169.73,0.8377997072486981
C005205,A_enterprise,month-to-month,26,4874.73,1.335128356791992
C005206,A_enterprise,one-year,9,3980.71,0.8557012477377152
C005207,C_individual,one-year,44,500.5,1.06944304101911
C005208,A_enterprise,two-year,46,4627.01,0.8895088690443915
C005209,A_enterprise,month-to-month,42,4192.69,0.9747739208124561
C005210,B_smb,one-year,35,1565.53,1.0275960325952866
C005211,B_smb,one-year,40,1499.09,1.1290438679589094
C005212,C_individual,month-to-month,38,454.67,1.1529272920163256
C005213,C_individual,month-to-month,11,625.85,1.1090978746097668
C005214,B_smb,month-to-month,12,1313.99,1.155644673235319
C005215,B_smb,month-to-month,25,1645.84,0.9075829014069151
C005216,B_smb,two-year,20,1011.14,1.0973193866258066
C005217,A_enterprise,month-to-month,35,3463.67,0.9488658854004505
C005218,B_smb,one-year,35,1947.92,1.1479341307330229
C005219,A_enterprise,one-year,46,5751.65,1.0173361287113274
C005220,A_enterprise,month-to-month,37,5034.11,1.0930393747940759
C005221,C_individual,one-year,0,461.65,1.043721337314587
C005222,A_enterprise,month-to-month,16,5441.34,1.1140567361105054
C005223,A_enterprise,month-to-month,15,3540.08,0.8788521685327493
C005224,B_smb,month-to-month,30,1592.87,0.7642128260546249
C005225,B_smb,month-to-month,16,1245.04,1.1483451710725807
C005226,A_enterprise,month-to-month,46,5803.04,1.2017491508591942
C005227,A_enterprise,one-year,13,5799.52,0.9826153111955717
C005228,B_smb,one-year,21,1749.74,1.1216651225259178
C005229,B_smb,one-year,39,1660.56,0.7556034131971539
C005230,C_individual,month-to-month,17,505.73,0.9067690411641878
C005231,C_individual,two-year,2,461.55,1.0122931961437027
C005232,B_smb,month-to-month,15,1326.43,0.7397099188545925
C005233,B_smb,two-year,17,1298.74,0.7705767708804023
C005234,C_individual,one-year,29,424.24,1.0236927619611236
C005235,C_individual,one-year,34,640.7,0.909147763204358
C005236,B_smb,month-to-month,26,1132.34,0.9479986358554435
C005237,A_enterprise,one-year,19,5268.29,0.9390546391323559
C005238,B_smb,one-year,24,2149.35,0.8074631402417934
C005239,C_individual,month-to-month,6,502.62,0.9673715742209689
C005240,A_enterprise,one-year,8,4633.13,0.9979444263923768
C005241,B_smb,month-to-month,29,1374.75,0.9125934469210126
C005242,B_smb,one-year,41,1543.46,0.9247786954795196
C005243,B_smb,one-year,25,916.88,0.9694040090248265
C005244,B_smb,two-year,2,1910.33,1.1229641812629572
C005245,C_individual,month-to-month,47,344.39,0.9858306896323836
C005246,C_individual,month-to-month,15,337.38,0.7110508158040371
C005247,B_smb,month-to-month,35,1409.46,0.8209214714633027
C005248,A_enterprise,month-to-month,43,3569.52,1.1397720958717137
C005249,C_individual,one-year,47,526.45,0.8971592468522874
C005250,B_smb,month-to-month,5,1418.41,0.9867269942882104
C005251,A_enterprise,one-year,8,4535.23,1.28873365629317
C005252,B_smb,month-to-month,30,1091.5,1.0947723728377259
C005253,C_individual,month-to-month,36,283.63,0.6777512091252242
C005254,C_individual,month-to-month,40,459.11,1.2167361778948922
C005255,C_individual,month-to-month,26,611.75,1.022447007971746
C005256,C_individual,month-to-month,7,567.22,1.0553950475207539
C005257,B_smb,month-to-month,34,1354.81,1.0456255198933238
C005258,B_smb,month-to-month,32,2123.45,1.1370034467782273
C005259,B_smb,month-to-month,22,1654.66,0.9880387844994069
C005260,C_individual,one-year,30,398.79,0.7777647349454998
C005261,C_individual,two-year,10,521.42,1.0485288851421477
C005262,B_smb,one-year,38,1603.96,0.7927273988077146
C005263,C_individual,month-to-month,2,354.71,1.2724882176720436
C005264,B_smb,month-to-month,40,1143.18,0.9456788568564437
C005265,A_enterprise,month-to-month,40,4348.13,0.9922389222278756
C005266,B_smb,one-year,32,1878.35,0.8985961379102705
C005267,C_individual,one-year,39,437.15,1.0508751044214948
C005268,C_individual,month-to-month,43,430.56,1.0681548225496484
C005269,B_smb,month-to-month,7,1173.7,0.898194586792586
C005270,C_individual,month-to-month,26,475.05,1.0679595746788144
C005271,C_individual,month-to-month,30,386.33,1.010158933270395
C005272,C_individual,two-year,45,456.3,0.9856196568274228
C005273,C_individual,month-to-month,35,453.64,0.8872693694384423
C005274,B_smb,month-to-month,28,1609.13,1.3471582441949206
C005275,C_individual,month-to-month,26,508.8,1.1774187798315956
C005276,C_individual,month-to-month,6,472.68,1.1092544476178188
C005277,C_individual,month-to-month,15,488.79,1.1689725895278134
C005278,B_smb,month-to-month,20,1261.88,1.044986265079169
C005279,C_individual,month-to-month,42,455.87,0.9476001701533721
C005280,C_individual,month-to-month,41,470.74,0.6035402191827084
C005281,B_smb,one-year,30,1035.71,0.8171519919472088
C005282,C_individual,one-year,5,507.07,1.3247538240862848
C005283,B_smb,month-to-month,34,727.74,1.1740301627484173
C005284,B_smb,two-year,22,797.65,1.0303478004124471
C005285,A_enterprise,month-to-month,31,3513.44,0.7633695217997464
C005286,C_individual,two-year,20,405.01,1.0952163514119064
C005287,C_individual,two-year,34,653.15,0.9582933629938636
C005288,B_smb,month-to-month,10,686.03,1.1046936871413007
C005289,C_individual,month-to-month,6,561.8,0.8332123559817052
C005290,B_smb,two-year,10,969.13,0.9265076248300125
C005291,B_smb,month-to-month,44,1154.55,1.1327669310788082
C005292,C_individual,month-to-month,3,568.35,1.2891718827029692
C005293,C_individual,one-year,13,512.21,0.9012339896425898
C005294,C_individual,month-to-month,16,265.92,0.8500581954511067
C005295,C_individual,two-year,40,470.82,1.1534329081198724
C005296,C_individual,one-year,17,330.59,0.8110122215280521
C005297,B_smb,two-year,42,1453.88,0.8217960441225414
C005298,B_smb,one-year,47,1026.03,1.0398903313818646
C005299,A_enterprise,one-year,31,6215.39,1.312852816847486
C005300,C_individual,one-year,16,492.9,0.8726820423328608
C005301,C_individual,two-year,28,394.61,0.9445366114822401
C005302,C_individual,two-year,32,488.61,1.016695551987352
C005303,B_smb,two-year,5,1221.92,0.9290924481947513
C005304,A_enterprise,one-year,39,3921.12,0.7349748233840371
C005305,C_individual,one-year,20,593.32,1.1202935760262036
C005306,C_individual,month-to-month,40,486.54,1.0279487551454554
C005307,B_smb,two-year,29,1423.59,1.0550298169970294
C005308,B_smb,month-to-month,41,1323.03,0.9787444206629156
C005309,B_smb,month-to-month,3,1223.6,1.2269762864300717
C005310,B_smb,month-to-month,2,1011.33,0.9243191911532057
C005311,B_smb,one-year,5,1756.04,0.8384424570382972
C005312,B_smb,one-year,41,1263.9,1.2495560388820264
C005313,C_individual,month-to-month,47,512.31,0.6702070772333718
C005314,B_smb,month-to-month,47,1410.48,0.97693028568694
C005315,B_smb,month-to-month,15,1505.48,0.9886738615272468
C005316,A_enterprise,month-to-month,12,4595.78,0.9828171525924186
C005317,C_individual,month-to-month,16,274.78,0.7673182274135171
C005318,B_smb,one-year,39,1727.81,0.8222432553628729
C005319,B_smb,month-to-month,12,1731.27,1.1436985552367989
C005320,A_enterprise,month-to-month,26,5882.94,1.207801029587236
C005321,C_individual,month-to-month,31,572.67,0.9374034751269332
C005322,C_individual,one-year,17,573.49,0.8604004421759864
C005323,A_enterprise,two-year,22,3504.52,0.7322813437447335
C005324,A_enterprise,month-to-month,31,3305.88,1.141085464900572
C005325,A_enterprise,month-to-month,37,4492.67,1.1499470194009804
C005326,C_individual,one-year,9,269.86,0.5783811788422408
C005327,C_individual,month-to-month,24,335.81,0.6364132311520021
C005328,B_smb,two-year,7,1042.26,1.0205226346338956
C005329,B_smb,two-year,0,1626.32,1.0399271565457062
C005330,C_individual,one-year,30,417.39,0.9284008324800259
C005331,C_individual,two-year,23,410.84,0.9950576419655343
C005332,B_smb,month-to-month,12,1725.89,0.9629141388030681
C005333,B_smb,month-to-month,2,1323.54,1.0039642179814763
C005334,B_smb,month-to-month,45,857.3,0.8648635779463172
C005335,C_individual,month-to-month,39,518.76,0.9981622649209084
C005336,C_individual,month-to-month,44,441.48,0.8988449667071357
C005337,C_individual,month-to-month,5,410.01,0.8863433676796044
C005338,C_individual,one-year,0,444.29,0.7199661073574325
C005339,B_smb,month-to-month,10,1913.63,0.9736688523356898
C005340,B_smb,one-year,4,1199.41,1.120446035018691
C005341,A_enterprise,month-to-month,22,6204.63,0.9511622659581378
C005342,C_individual,month-to-month,30,338.85,0.9469775291794346
C005343,C_individual,month-to-month,9,321.25,1.1883578700363526
C005344,B_smb,one-year,19,1516.25,1.1537473606682835
C005345,A_enterprise,one-year,25,4914.85,1.2601874081225388
C005346,C_individual,one-year,15,381.23,1.3385627837238285
C005347,C_individual,month-to-month,22,557.53,1.0089230770442477
C005348,C_individual,month-to-month,28,494.36,0.8264248649655032
C005349,B_smb,two-year,45,990.03,0.9218292235844441
C005350,C_individual,month-to-month,14,594.41,1.0859503076779962
C005351,C_individual,month-to-month,4,194.27,1.2160157868425892
C005352,C_individual,month-to-month,41,532.27,0.8426705950113406
C005353,C_individual,month-to-month,27,295.19,1.0382917351838015
C005354,C_individual,month-to-month,22,479.93,0.8810707339784981
C005355,C_individual,month-to-month,34,441.25,0.9780018586665468
C005356,C_individual,one-year,47,446.37,0.9757579896107765
C005357,B_smb,two-year,6,1682.9,1.057177926858403
C005358,B_smb,month-to-month,41,1629.61,1.3048488378640621
C005359,C_individual,month-to-month,30,295.14,1.07126324147552
C005360,C_individual,two-year,28,540.06,0.9355249896817546
C005361,A_enterprise,month-to-month,41,2873.44,0.9107693595145182
C005362,A_enterprise,two-year,14,4912.97,0.9713736418145219
C005363,C_individual,month-to-month,37,666.53,0.8692465702467217
C005364,C_individual,one-year,27,733.4,1.0209473265895517
C005365,C_individual,two-year,44,255.75,0.6383146929531339
C005366,B_smb,month-to-month,22,1059.37,0.9683209317595219
C005367,C_individual,two-year,34,387.28,0.9801987024026646
C005368,C_individual,one-year,23,720.61,0.825902372583871
C005369,B_smb,two-year,18,1962.98,0.9426785814731946
C005370,A_enterprise,month-to-month,18,3345.16,1.167987327425761
C005371,C_individual,month-to-month,44,485.96,1.1788074031654905
C005372,A_enterprise,month-to-month,40,3177.81,0.9200292422949536
C005373,C_individual,two-year,10,226.82,1.0785228002747427
C005374,C_individual,month-to-month,41,376.43,0.775224686544379
C005375,C_individual,month-to-month,28,728.02,0.9555762020692192
C005376,B_smb,two-year,5,958.92,1.0346208487733268
C005377,C_individual,month-to-month,36,576.52,1.229039156932173
C005378,B_smb,one-year,7,1405.41,1.1789204619700577
C005379,C_individual,month-to-month,41,410.97,1.0313394319622362
C005380,B_smb,one-year,21,954.25,0.8632717390228608
C005381,C_individual,month-to-month,43,319.06,1.2037773562078586
C005382,C_individual,month-to-month,23,442.32,0.948956768462669
C005383,B_smb,one-year,4,1264.53,1.0672733786120003
C005384,B_smb,month-to-month,36,1223.92,0.9816208754031029
C005385,C_individual,month-to-month,34,497.82,1.2988363201810356
C005386,A_enterprise,month-to-month,14,3564.68,0.9084934342908862
C005387,B_smb,one-year,9,1738.05,1.1374381042782933
C005388,B_smb,month-to-month,41,1759.34,0.9870392876914524
C005389,C_individual,month-to-month,37,570.39,1.0853656844850572
C005390,C_individual,month-to-month,14,379.22,1.2430018326964956
C005391,B_smb,month-to-month,33,741.95,0.699314084478276
C005392,C_individual,one-year,11,213.49,0.9901915766034645
C005393,B_smb,month-to-month,8,1579.29,0.8658902659844293
C005394,B_smb,two-year,31,1871.29,1.0668597826544501
C005395,B_smb,one-year,39,864.06,1.1036996006487625
C005396,B_smb,two-year,44,1073.58,0.9294284373149236
C005397,B_smb,one-year,22,1443.24,0.9216922357982043
C005398,C_individual,month-to-month,6,318.69,1.0305710509289612
C005399,A_enterprise,two-year,26,3214.27,0.809019321097824
C005400,C_individual,one-year,32,441.94,1.049982662223606
C005401,B_smb,one-year,46,1015.61,0.8773435033684021
C005402,B_smb,month-to-month,5,1439.78,1.110047234533926
C005403,A_enterprise,month-to-month,31,5095.81,0.8023178715382682
C005404,C_individual,one-year,24,457.89,0.914909752522038
C005405,C_individual,month-to-month,28,540.98,0.8873294115110173
C005406,B_smb,one-year,4,1207.98,0.9552762901035705
C005407,B_smb,month-to-month,0,1028.56,1.2064510093518444
C005408,B_smb,one-year,29,1516.74,1.1268951260386129
C005409,C_individual,month-to-month,9,458.64,0.9280473585081991
C005410,B_smb,month-to-month,29,1168.55,0.9279170080550735
C005411,C_individual,month-to-month,1,198.61,1.1327970174700221
C005412,B_smb,two-year,38,1174.36,0.8254064572888173
C005413,B_smb,one-year,15,1866.65,1.003357284514939
C005414,C_individual,two-year,21,498.03,0.9091354919072161
C005415,B_smb,one-year,16,1785.68,0.9742466788265344
C005416,A_enterprise,one-year,20,3395.97,1.121366188185787
C005417,C_individual,one-year,25,378.93,0.8996122814191538
C005418,A_enterprise,two-year,30,2966.62,1.1461222063646208
C005419,B_smb,two-year,33,1471.88,1.3299380377348016
C005420,B_smb,one-year,47,1181.06,1.0906013750523473
C005421,B_smb,month-to-month,8,1717.51,0.9873870909509919
C005422,C_individual,one-year,41,522.9,1.1735702727148232
C005423,A_enterprise,month-to-month,28,4377.49,0.8336731906089382
C005424,C_individual,month-to-month,14,313.5,1.2281609513932692
C005425,C_individual,one-year,44,446.53,0.8870399917588989
C005426,C_individual,two-year,33,387.15,1.3252141055909437
C005427,C_individual,month-to-month,8,451.65,0.892431901255197
C005428,C_individual,month-to-month,8,622.08,1.0992552769496817
C005429,C_individual,two-year,31,493.08,0.7660638202021804
C005430,B_smb,month-to-month,35,1537.14,0.9680122733756064
C005431,B_smb,month-to-month,2,1341.79,0.8380459849297914
C005432,C_individual,one-year,30,430.02,0.7837723652892657
C005433,B_smb,two-year,25,1474.52,1.1808278812984465
C005434,C_individual,one-year,46,467.12,0.815866843506973
C005435,A_enterprise,one-year,35,3211.92,0.8897391141075957
C005436,C_individual,month-to-month,43,330.96,0.8722586980229693
C005437,B_smb,month-to-month,1,1317.01,1.1709494638903364
C005438,C_individual,one-year,36,363.07,1.1526248543172366
C005439,B_smb,two-year,16,1574.31,1.190544263068938
C005440,A_enterprise,month-to-month,26,3137.67,0.8820305208914403
C005441,C_individual,month-to-month,42,468.83,1.2024401084150578
C005442,C_individual,month-to-month,41,267.82,0.8807523091424492
C005443,C_individual,month-to-month,10,501.87,0.8867968145334337
C005444,C_individual,month-to-month,11,402.13,0.8951908832539154
C005445,B_smb,month-to-month,34,1028.77,0.9006533697543493
C005446,C_individual,one-year,42,563.07,0.9863819647236987
C005447,B_smb,month-to-month,29,1570.71,0.8741959557101314
C005448,C_individual,one-year,2,446.23,1.0347117182203025
C005449,B_smb,one-year,7,1134.6,0.6085902412902576
C005450,A_enterprise,two-year,35,3680.71,1.0342218861764272
C005451,C_individual,two-year,35,256.78,0.8365480435329039
C005452,C_individual,month-to-month,43,388.08,0.8995891159317182
C005453,B_smb,month-to-month,25,1201.41,0.90321086758985
C005454,C_individual,one-year,20,588.15,1.1414758370554423
C005455,C_individual,month-to-month,5,603.69,1.0756901599773332
C005456,B_smb,month-to-month,37,1494.4,0.9751686939988953
C005457,C_individual,month-to-month,45,388.96,0.8927148393460744
C005458,B_smb,two-year,2,1728.21,1.1174316700558438
C005459,A_enterprise,month-to-month,23,4752.2,1.2692064994646999
C005460,C_individual,month-to-month,17,212.99,0.9958008006575019
C005461,A_enterprise,month-to-month,35,3743.99,0.7602521883462234
C005462,A_enterprise,one-year,36,6538.24,0.8945655880930026
C005463,C_individual,month-to-month,10,387.5,1.083882422082544
C005464,A_enterprise,two-year,45,3600.3,0.9335930427585013
C005465,C_individual,one-year,6,502.66,0.87119580831456
C005466,C_individual,month-to-month,37,356.58,0.8646725328976371
C005467,A_enterprise,month-to-month,35,4594.39,1.013751770787752
C005468,C_individual,two-year,7,553.88,0.769925795967083
C005469,A_enterprise,one-year,32,4037.23,0.9948014789957028
C005470,C_individual,month-to-month,12,398.15,1.0132699087565538
C005471,A_enterprise,month-to-month,13,4193.02,0.9325717480325038
C005472,C_individual,month-to-month,4,587.89,0.8435708268558768
C005473,B_smb,month-to-month,35,1780.49,1.1527605381668715
C005474,C_individual,month-to-month,38,376.43,0.8000829695536341
C005475,A_enterprise,month-to-month,24,4715.7,1.0259096671499919
C005476,B_smb,month-to-month,37,1503.74,1.1091629718285885
C005477,B_smb,two-year,16,1338.91,1.0239193513791138
C005478,C_individual,one-year,27,623.17,1.1846772387124616
C005479,C_individual,two-year,37,365.62,0.8296906180702323
C005480,A_enterprise,one-year,20,2306.85,0.8813629559781159
C005481,A_enterprise,one-year,29,4379.63,0.930814923930179
C005482,B_smb,month-to-month,6,1463.17,1.4936045220432725
C005483,B_smb,one-year,24,1689.2,1.0761705598332143
C005484,C_individual,month-to-month,40,625.03,1.104252480689512
C005485,C_individual,one-year,37,443.38,1.0980024513565285
C005486,C_individual,two-year,14,315.62,1.0118230358637137
C005487,A_enterprise,two-year,26,4215.72,1.1574156629497336
C005488,B_smb,month-to-month,29,1462.2,0.7194543927926653
C005489,C_individual,one-year,45,212.48,1.0415462223484364
C005490,B_smb,month-to-month,39,1142.98,1.0642326278854273
C005491,C_individual,month-to-month,39,388.02,1.152797293710925
C005492,B_smb,month-to-month,36,1499.34,0.8266477290476375
C005493,B_smb,month-to-month,17,1272.46,0.8376867765706488
C005494,C_individual,one-year,18,597.33,0.847168204805699
C005495,B_smb,month-to-month,22,1488.47,1.0783480628576372
C005496,C_individual,month-to-month,20,394.12,1.0804877196035299
C005497,B_smb,two-year,45,1720.56,0.8575294333574315
C005498,A_enterprise,one-year,42,4991.41,1.2871414551745477
C005499,B_smb,month-to-month,42,1645.49,1.0429557171413752
C005500,B_smb,one-year,29,1696.25,1.018630875199708
C005501,C_individual,one-year,9,392.96,0.9688559542235988
C005502,A_enterprise,month-to-month,6,3579.47,1.1395740511781065
C005503,C_individual,one-year,13,713.67,1.0584241374978767
C005504,C_individual,two-year,31,384.97,1.2834777452752761
C005505,B_smb,month-to-month,17,1060.74,0.817915072219487
C005506,B_smb,month-to-month,31,1068.98,0.7681654326023478
C005507,B_smb,month-to-month,42,2145.37,0.8889912398910186
C005508,C_individual,two-year,16,305.3,1.083002568765553
C005509,C_individual,month-to-month,44,651.36,0.9357863731299925
C005510,A_enterprise,month-to-month,24,5768.88,1.1906541537700177
C005511,C_individual,two-year,38,517.88,0.9409662906119831
C005512,B_smb,one-year,2,1562.72,1.1622862528168196
C005513,B_smb,month-to-month,13,1483.79,0.8753857891879153
C005514,A_enterprise,month-to-month,44,5286.12,1.1774579512708319
C005515,C_individual,month-to-month,42,499.11,1.2053729792628336
C005516,B_smb,two-year,27,1216.64,0.915282116213278
C005517,B_smb,month-to-month,1,1714.07,1.073434257362193
C005518,A_enterprise,month-to-month,2,4895.53,1.040157237014556
C005519,C_individual,one-year,20,633.37,1.077506049541894
C005520,B_smb,month-to-month,43,1606.69,1.192665529636508
C005521,B_smb,month-to-month,18,1514.97,1.1459817319188323
C005522,B_smb,two-year,42,1257.54,1.077116915381675
C005523,C_individual,month-to-month,25,501.19,1.099457845118042
C005524,B_smb,two-year,6,1588.74,0.8096097306778918
C005525,C_individual,one-year,26,392.27,0.9938620144150637
C005526,B_smb,month-to-month,17,1613.04,0.8347743962999062
C005527,B_smb,one-year,10,1335.82,0.9972760809026596
C005528,C_individual,one-year,32,374.08,1.1675213308879815
C005529,C_individual,one-year,9,485.7,0.998941912717475
C005530,B_smb,one-year,43,1502.54,0.6241614743346712
C005531,C_individual,month-to-month,38,383.87,0.8429800189335964
C005532,C_individual,month-to-month,37,606.47,1.0871632209653548
C005533,B_smb,one-year,3,1603.65,0.9191329406376976
C005534,C_individual,month-to-month,46,339.49,1.1175765639786603
C005535,C_individual,month-to-month,23,572.31,0.8189185514213705
C005536,B_smb,month-to-month,35,1910.21,1.0572577898695281
C005537,C_individual,month-to-month,9,241.35,1.0647914982917754
C005538,B_smb,one-year,36,1531.55,1.1184851440935404
C005539,A_enterprise,two-year,15,4000.98,0.9017185266249481
C005540,C_individual,two-year,33,488.83,1.1169689782339518
C005541,C_individual,month-to-month,13,320.79,1.225983851849663
C005542,C_individual,month-to-month,44,466.07,0.6590958533615792
C005543,C_individual,two-year,34,758.51,1.0077554249102687
C005544,C_individual,month-to-month,21,641.18,0.7290475017198614
C005545,B_smb,one-year,21,1531.57,0.8709706064256945
C005546,C_individual,one-year,0,328.95,0.883213834530708
C005547,C_individual,month-to-month,14,605.16,0.9900323196958571
C005548,C_individual,month-to-month,37,329.42,1.056631155704695
C005549,B_smb,one-year,39,1131.21,1.1357475018734022
C005550,B_smb,month-to-month,47,1424.95,1.0396032014604781
C005551,A_enterprise,two-year,4,5009.46,1.1010441338141053
C005552,B_smb,one-year,12,1787.8,0.838225171155303
C005553,B_smb,month-to-month,36,2201.92,1.1584988396651121
C005554,C_individual,one-year,17,383.15,0.5056266016021795
C005555,C_individual,month-to-month,11,484.82,1.229003815562394
C005556,B_smb,month-to-month,13,1041.31,1.2020799991439794
C005557,B_smb,two-year,44,1128.56,1.1125081121301639
C005558,C_individual,one-year,41,319.78,1.3343448786383532
C005559,A_enterprise,one-year,0,4993.68,0.7294272260037032
C005560,C_individual,two-year,40,585.81,1.1169140833780105
C005561,B_smb,one-year,26,1615.02,1.020265919610786
C005562,A_enterprise,month-to-month,40,4407.81,1.0366128348974297
C005563,B_smb,month-to-month,29,1322.41,0.8254645112914597
C005564,C_individual,month-to-month,33,342.91,1.0592211255639226
C005565,B_smb,month-to-month,27,1715.12,1.0521735097010145
C005566,C_individual,month-to-month,35,339.96,0.8965607287329738
C005567,B_smb,one-year,39,1396.12,0.9896959852460548
C005568,B_smb,month-to-month,24,739.24,0.8028244196438111
C005569,C_individual,one-year,5,524.11,0.9406901772040566
C005570,A_enterprise,two-year,4,4552.09,1.1441226513447302
C005571,A_enterprise,two-year,19,3164.38,1.1471210233450388
C005572,C_individual,month-to-month,22,590.5,1.115305243495504
C005573,C_individual,two-year,41,396.19,1.144058101916752
C005574,B_smb,two-year,1,1446.42,1.146019758021813
C005575,A_enterprise,month-to-month,42,3853.12,0.9034679850331234
C005576,C_individual,month-to-month,2,466.29,1.0509320169555612
C005577,C_individual,month-to-month,23,398.19,1.1630169590152692
C005578,C_individual,one-year,20,479.21,0.7930656366084979
C005579,C_individual,one-year,26,867.19,0.7922020838335314
C005580,C_individual,month-to-month,2,408.12,0.7839026301635257
C005581,B_smb,one-year,36,1439.48,0.7321689812377512
C005582,B_smb,month-to-month,6,1302.79,0.8423790639516414
C005583,C_individual,month-to-month,37,590.86,0.9211796993409536
C005584,C_individual,two-year,27,218.17,1.2268458275402963
C005585,C_individual,two-year,42,683.39,0.9343788625105334
C005586,C_individual,one-year,46,490.92,0.7725444569757807
C005587,B_smb,month-to-month,40,1123.76,1.0249282594744835
C005588,B_smb,month-to-month,21,2367.8,0.9716554386375058
C005589,C_individual,month-to-month,19,467.27,0.8826802112213563
C005590,B_smb,month-to-month,31,1515.7,0.9117155241747477
C005591,C_individual,month-to-month,31,159.21,1.1600633394687
C005592,C_individual,two-year,37,669.13,0.7885173021403632
C005593,A_enterprise,one-year,23,3145.58,0.7501345766842655
C005594,C_individual,month-to-month,22,376.45,1.0700253406623763
C005595,C_individual,month-to-month,5,385.77,0.9079044258095853
C005596,C_individual,month-to-month,8,625.74,1.2328313629349725
C005597,B_smb,month-to-month,39,785.04,0.9768545193202889
C005598,C_individual,one-year,47,527.32,0.9849441145440738
C005599,B_smb,month-to-month,28,1409.19,1.1179827806116263
C005600,C_individual,two-year,16,299.42,0.7491759690649862
C005601,A_enterprise,month-to-month,2,4324.82,1.0506379018481398
C005602,C_individual,month-to-month,2,582.36,0.9451572702406156
C005603,C_individual,two-year,32,368.48,1.1540209988663226
C005604,C_individual,month-to-month,30,445.47,0.9029834197550434
C005605,C_individual,month-to-month,13,461.64,1.0265233175200623
C005606,A_enterprise,one-year,9,5264.26,0.9461553676674799
C005607,C_individual,month-to-month,3,686.55,1.061934927052418
C005608,B_smb,month-to-month,32,1448.52,0.962328073106187
C005609,C_individual,month-to-month,29,410.39,1.0393465580803183
C005610,A_enterprise,month-to-month,15,3820.33,1.2629858023733256
C005611,C_individual,one-year,35,336.93,0.9571019912878432
C005612,B_smb,month-to-month,40,1661.61,1.060412413460571
C005613,C_individual,one-year,24,466.05,1.3429701890463754
C005614,C_individual,two-year,12,513.27,1.0584781781183317
C005615,B_smb,month-to-month,0,1111.25,0.634873346445969
C005616,B_smb,month-to-month,38,1811.09,0.9000605511315856
C005617,C_individual,month-to-month,27,342.15,0.8194376323630488
C005618,C_individual,month-to-month,16,480.29,1.1382944667651314
C005619,A_enterprise,month-to-month,0,4996.48,0.9859270965220149
C005620,B_smb,one-year,39,1172.99,1.1595276988812253
C005621,B_smb,month-to-month,44,1798.41,1.091733519180533
C005622,C_individual,month-to-month,23,497.26,1.0910860721646864
C005623,C_individual,one-year,12,608.25,0.8165039160067625
C005624,A_enterprise,two-year,29,4565.7,1.0757341930579352
C005625,C_individual,month-to-month,41,507.67,1.204988490984014
C005626,C_individual,month-to-month,28,240.9,0.7829355203179982
C005627,C_individual,two-year,0,576.42,0.9524284887347197
C005628,A_enterprise,month-to-month,9,3842.25,1.0531628273161393
C005629,B_smb,one-year,4,1601.9,1.014702389236892
C005630,B_smb,one-year,19,1794.78,1.2154880664660135
C005631,B_smb,one-year,21,1379.36,1.1092761103784126
C005632,B_smb,month-to-month,25,1566.27,1.0609137833908968
C005633,A_enterprise,month-to-month,36,5737.13,1.1226402318886504
C005634,A_enterprise,month-to-month,5,4695.18,1.114643431322235
C005635,C_individual,one-year,45,221.36,1.0061603661158605
C005636,B_smb,one-year,12,1199.38,0.9467769706766967
C005637,C_individual,one-year,25,511.65,1.148546447976903
C005638,A_enterprise,two-year,10,3720.9,0.8885381650787904
C005639,C_individual,two-year,17,399.31,0.9891582083305854
C005640,B_smb,one-year,39,1493.67,0.8264899577699178
C005641,C_individual,month-to-month,2,655.59,1.1097513476516045
C005642,C_individual,month-to-month,23,400.89,1.1848784329385624
C005643,B_smb,one-year,28,1432.22,0.85966777140272
C005644,C_individual,one-year,27,625.08,0.9769105940973308
C005645,B_smb,month-to-month,18,1108.82,0.9279901355466287
C005646,C_individual,one-year,18,182.09,1.1612989464144343
C005647,A_enterprise,month-to-month,43,3087.88,1.2125457230245373
C005648,B_smb,month-to-month,11,1467.97,0.9281359759009842
C005649,B_smb,two-year,23,1341.34,0.5363237380021667
C005650,C_individual,month-to-month,17,350.73,1.172920165276681
C005651,B_smb,one-year,36,1398.55,1.0067642364804477
C005652,C_individual,one-year,38,410.96,1.007343021759307
C005653,B_smb,one-year,40,1325.99,1.1445570689064297
C005654,B_smb,month-to-month,4,1917.03,0.9453973339096408
C005655,B_smb,one-year,4,928.98,0.9054586411519128
C005656,C_individual,month-to-month,18,480.72,0.9466437380417859
C005657,C_individual,one-year,21,508.55,1.0733629608405941
C005658,A_enterprise,month-to-month,3,4135.34,1.1318450884751985
C005659,C_individual,two-year,42,401.42,1.244973057344891
C005660,B_smb,one-year,43,1383.05,1.0605088659737194
C005661,A_enterprise,month-to-month,20,3173.14,0.9783061366032252
C005662,C_individual,month-to-month,36,406.05,1.1329286306093989
C005663,A_enterprise,month-to-month,27,4286.08,0.8543112752257518
C005664,B_smb,one-year,31,1012.75,1.2129082337086612
C005665,C_individual,one-year,41,603.92,1.0317065409350283
C005666,B_smb,one-year,4,870.98,0.9656964597820192
C005667,C_individual,two-year,11,324.46,0.854796233352795
C005668,C_individual,month-to-month,20,482.9,1.0940409926318568
C005669,C_individual,one-year,42,315.17,0.9579075228344549
C005670,C_individual,month-to-month,28,216.6,0.9858576577825702
C005671,C_individual,one-year,19,351.55,0.749320911307607
C005672,B_smb,month-to-month,1,1140.46,0.9347981088365941
C005673,C_individual,one-year,28,636.43,0.9147254150008064
C005674,C_individual,month-to-month,12,364.95,1.0627844213481747
C005675,C_individual,month-to-month,15,435.09,0.9598530461684021
C005676,B_smb,month-to-month,47,1089.48,0.6026690520792832
C005677,C_individual,two-year,25,372.17,0.9377481889264202
C005678,C_individual,one-year,6,362.74,0.7818274849127609
C005679,B_smb,month-to-month,2,1675.91,0.8435732618339139
C005680,C_individual,month-to-month,18,306.31,1.150582686800209
C005681,B_smb,month-to-month,3,1265.38,0.7466524405277444
C005682,B_smb,two-year,20,1574.89,1.044226545042559
C005683,C_individual,two-year,19,488.7,0.9239169612015931
C005684,B_smb,two-year,42,1120.39,0.894994713757798
C005685,A_enterprise,two-year,16,4958.23,0.853101424529148
C005686,A_enterprise,month-to-month,13,3651.58,1.0479284968235971
C005687,B_smb,month-to-month,29,1177.41,1.0647707458172573
C005688,C_individual,one-year,30,544.64,0.7412275274491132
C005689,C_individual,one-year,1,441.14,1.1725786201803332
C005690,C_individual,month-to-month,4,650.29,0.8220603791825085
C005691,A_enterprise,one-year,8,5939.88,1.0582913647438834
C005692,C_individual,month-to-month,37,566.16,0.8228549214975931
C005693,C_individual,month-to-month,10,545.37,0.9311406741103255
C005694,C_individual,month-to-month,47,448.41,0.8081797425401355
C005695,B_smb,two-year,21,1734.75,0.920688907246217
C005696,A_enterprise,one-year,44,5281.92,0.9698537976093535
C005697,C_individual,one-year,11,386.07,0.8276022058745693
C005698,C_individual,two-year,20,381.43,1.0471662005009033
C005699,A_enterprise,two-year,6,3695.92,1.0668148130606268
C005700,C_individual,month-to-month,40,276.05,1.4059044300846493
C005701,A_enterprise,one-year,28,4277.6,1.1393043724330862
C005702,A_enterprise,month-to-month,3,3186.08,1.1764630537097591
C005703,C_individual,one-year,35,419.49,0.7346476859757083
C005704,C_individual,month-to-month,42,357.82,0.7062301678414359
C005705,B_smb,month-to-month,32,1575.34,0.9554514142858026
C005706,C_individual,one-year,38,466.26,1.2680224451067048
C005707,C_individual,month-to-month,13,396.52,1.3711544258787016
C005708,A_enterprise,month-to-month,20,4882.27,0.8968696396063827
C005709,C_individual,one-year,41,316.12,0.9120665801356556
C005710,C_individual,one-year,29,350.59,1.0815840843418412
C005711,C_individual,month-to-month,29,694.9,0.9704261566538693
C005712,C_individual,month-to-month,36,366.31,0.9742098403368418
C005713,C_individual,month-to-month,29,197.23,1.0952348680615691
C005714,A_enterprise,two-year,6,3921.56,1.407327699376529
C005715,B_smb,two-year,10,1134.08,1.1956860037503179
C005716,C_individual,month-to-month,37,479.26,1.2803689821485138
C005717,C_individual,one-year,11,439.26,0.7233797607877737
C005718,A_enterprise,one-year,31,4206.88,1.1612172216253602
C005719,A_enterprise,two-year,22,4568.94,0.8575197096872772
C005720,C_individual,month-to-month,29,422.81,1.2514672712131272
C005721,A_enterprise,one-year,11,4453.61,1.2035989798777285
C005722,A_enterprise,one-year,14,2937.05,1.0905722238928086
C005723,C_individual,month-to-month,33,290.94,0.8885660027037343
C005724,C_individual,month-to-month,8,350.99,0.9274272680901723
C005725,C_individual,month-to-month,14,246.86,0.9395639386355369
C005726,C_individual,month-to-month,47,392.47,1.1143500351369946
C005727,B_smb,one-year,7,1991.3,1.0605831649670985
C005728,C_individual,one-year,27,566.96,1.213004850151097
C005729,B_smb,month-to-month,7,1515.24,1.241622984105352
C005730,B_smb,two-year,33,1259.98,0.8731963536978649
C005731,C_individual,month-to-month,6,404.42,1.0712794770828364
C005732,C_individual,two-year,27,323.76,1.0694554272489893
C005733,C_individual,month-to-month,21,556.9,0.9857464543919674
C005734,B_smb,two-year,33,1177.15,1.14126469509305
C005735,C_individual,two-year,0,304.54,1.0736460084926205
C005736,C_individual,two-year,24,644.41,0.9138163269973699
C005737,C_individual,two-year,26,369.48,0.9786824274521532
C005738,C_individual,month-to-month,11,359.7,0.9476168384435957
C005739,B_smb,one-year,14,670.48,0.890872423772963
C005740,C_individual,one-year,33,517.45,0.9872017189102124
C005741,C_individual,month-to-month,26,441.45,0.8054613228870161
C005742,C_individual,two-year,27,408.45,1.0710823970113557
C005743,C_individual,month-to-month,44,590.68,1.2106177566103689
C005744,C_individual,month-to-month,19,375.2,1.0075706820347874
C005745,A_enterprise,two-year,41,5242.02,1.1419641694695783
C005746,B_smb,month-to-month,46,1366.04,1.02329943272681
C005747,C_individual,month-to-month,27,289.55,0.8466842712876338
C005748,C_individual,month-to-month,10,394.96,1.3010597713610048
C005749,C_individual,one-year,20,573.02,0.6366356053281504
C005750,A_enterprise,two-year,2,5056.3,1.0015461103659504
C005751,B_smb,month-to-month,33,1586.74,0.8847170589992502
C005752,C_individual,one-year,13,291.25,1.2372539591965195
C005753,C_individual,one-year,44,488.53,1.032395253700073
C005754,A_enterprise,one-year,31,5528.05,1.3833215156109735
C005755,C_individual,one-year,23,722.69,1.0054010080906894
C005756,A_enterprise,two-year,8,4904.93,0.8858737628042872
C005757,B_smb,month-to-month,4,1318.81,0.7434596518191762
C005758,B_smb,month-to-month,32,2047.46,1.1659968107776748
C005759,A_enterprise,one-year,36,4440.03,0.8747904534154946
C005760,A_enterprise,month-to-month,12,4120.15,0.937028708838375
C005761,C_individual,month-to-month,0,347.24,1.1842160558442925
C005762,C_individual,month-to-month,15,613.83,1.1580048276697965
C005763,C_individual,month-to-month,36,291.03,0.9085548090151226
C005764,B_smb,two-year,27,1233.16,0.931898737965889
C005765,B_smb,month-to-month,4,1495.71,0.7365897368840555
C005766,B_smb,one-year,5,1696.92,0.6916732464058207
C005767,C_individual,one-year,5,568.56,1.1145547077462457
C005768,B_smb,month-to-month,36,1498.49,1.131106247386494
C005769,C_individual,month-to-month,37,429.66,1.0535814708945355
C005770,C_individual,month-to-month,19,277.23,1.0280837122814375
C005771,C_individual,one-year,33,416.47,0.8940750126779381
C005772,B_smb,month-to-month,1,800.47,1.220219904600849
C005773,C_individual,one-year,26,469.41,0.7323968219621967
C005774,B_smb,month-to-month,13,1739.89,0.9297259585238469
C005775,A_enterprise,month-to-month,39,3629.05,1.0241052088580027
C005776,C_individual,month-to-month,23,597.43,0.9999381417639935
C005777,C_individual,month-to-month,40,451.28,0.9996926693029158
C005778,C_individual,month-to-month,27,557.24,0.9221126097081639
C005779,A_enterprise,two-year,21,3936.01,1.0811361174321517
C005780,C_individual,month-to-month,45,339.35,0.8176911454476854
C005781,C_individual,one-year,47,622.2,0.9783991880523506
C005782,B_smb,one-year,21,1256.9,1.0647851502526082
C005783,C_individual,one-year,17,332.59,0.9501204901082355
C005784,B_smb,one-year,31,1201.67,1.000718046749322
C005785,C_individual,month-to-month,8,441.35,1.0323271236174403
C005786,C_individual,one-year,18,281.16,0.735876892184769
C005787,C_individual,month-to-month,40,317.87,0.7499049637423769
C005788,C_individual,one-year,43,646.48,1.020089314338859
C005789,B_smb,month-to-month,19,1502.81,0.9087426882406799
C005790,C_individual,one-year,18,627.82,0.9177967301532748
C005791,C_individual,one-year,41,400.01,1.085351097136969
C005792,A_enterprise,one-year,9,4436.47,0.8516742840284608
C005793,A_enterprise,month-to-month,2,4471.62,0.638013926228199
C005794,C_individual,one-year,3,566.16,1.2485543175501854
C005795,C_individual,one-year,5,499.28,1.1814765219533898
C005796,C_individual,month-to-month,42,401.09,1.1795754221455548
C005797,C_individual,month-to-month,1,354.88,0.8318878636268859
C005798,C_individual,month-to-month,15,585.22,0.98838716762614
C005799,B_smb,month-to-month,28,1154.05,0.8097372123174913
C005800,B_smb,one-year,29,1379.53,0.9910060703140013
C005801,C_individual,month-to-month,39,377.91,0.9477983568041101
C005802,C_individual,one-year,47,401.1,0.8382915758750158
C005803,C_individual,one-year,19,516.01,1.0754929222111835
C005804,C_individual,one-year,11,280.03,0.9611885691660581
C005805,C_individual,one-year,4,459.69,1.2584050395478428
C005806,C_individual,one-year,42,564.67,1.0128669974141058
C005807,C_individual,one-year,17,439.83,0.6178156509989534
C005808,A_enterprise,month-to-month,43,3830.92,0.7281810237050725
C005809,C_individual,two-year,16,610.87,1.3143457399086975
C005810,C_individual,two-year,36,558.43,0.9461444513803126
C005811,A_enterprise,month-to-month,30,3858.12,1.036001222009576
C005812,C_individual,two-year,34,445.75,1.0014593729187462
C005813,C_individual,two-year,31,491.49,1.2124479297569533
C005814,C_individual,month-to-month,14,393.63,0.7139634411902003
C005815,C_individual,one-year,4,389.63,1.1993878130711135
C005816,B_smb,one-year,0,963.39,1.1890557688432923
C005817,B_smb,month-to-month,20,1292.92,1.0009238842093349
C005818,B_smb,month-to-month,42,1340.52,1.0619929196466509
C005819,B_smb,month-to-month,30,1242.09,0.9444104803974961
C005820,C_individual,one-year,32,345.67,0.747212375759185
C005821,C_individual,month-to-month,12,654.21,1.0870429495717497
C005822,C_individual,one-year,23,404.57,1.0369869336960256
C005823,B_smb,one-year,19,1449.47,1.0401039088909414
C005824,B_smb,one-year,6,1686.02,1.0723440668376034
C005825,B_smb,month-to-month,29,1392.46,0.9093500348782169
C005826,C_individual,month-to-month,17,609.99,1.223989985376079
C005827,B_smb,month-to-month,19,1222.46,1.0012197367226845
C005828,C_individual,month-to-month,28,590.98,1.081256625696685
C005829,C_individual,month-to-month,1,289.53,0.9591812036899746
C005830,C_individual,month-to-month,44,525.85,1.1575333744067204
C005831,B_smb,month-to-month,10,1658.14,1.0155989264534098
C005832,B_smb,one-year,32,1838.07,0.987232149432411
C005833,C_individual,month-to-month,37,479.9,1.1811035538226207
C005834,C_individual,month-to-month,7,561.78,0.7415694446483024
C005835,A_enterprise,two-year,11,4682.14,0.9579974280594069
C005836,C_individual,one-year,19,415.08,0.9081031532043521
C005837,C_individual,two-year,39,446.53,1.0560819719873356
C005838,B_smb,one-year,30,2231.27,1.0473703372663399
C005839,B_smb,month-to-month,22,1656.92,0.9982303357252457
C005840,B_smb,two-year,40,1553.21,0.8928996791553488
C005841,B_smb,two-year,22,1668.11,0.9963953243945204
C005842,B_smb,one-year,42,999.3,1.0485052914323487
C005843,C_individual,one-year,36,645.77,0.9732348364541202
C005844,B_smb,month-to-month,8,1096.31,1.1661320364305405
C005845,C_individual,month-to-month,18,549.65,1.0918021926421515
C005846,C_individual,one-year,1,508.86,1.0028548256388765
C005847,B_smb,one-year,11,1428.62,0.6480969579162532
C005848,A_enterprise,month-to-month,1,4216.49,0.9672537187671241
C005849,C_individual,month-to-month,5,582.84,1.0945144757696814
C005850,C_individual,month-to-month,0,179.48,0.9580959799052597
C005851,C_individual,month-to-month,32,571.92,1.0454882303705306
C005852,A_enterprise,month-to-month,19,4028.98,0.9663135099635871
C005853,B_smb,two-year,22,1005.36,1.0348739838575256
C005854,A_enterprise,month-to-month,36,2270.47,1.2101512692467464
C005855,C_individual,month-to-month,38,575.25,1.1180117374080172
C005856,C_individual,month-to-month,25,451.94,0.8056628836284011
C005857,C_individual,one-year,21,483.71,0.7512964331965403
C005858,C_individual,one-year,31,498.57,1.0663836899181758
C005859,B_smb,one-year,19,875.29,1.1751779938396067
C005860,C_individual,two-year,21,522.03,0.7509026297750174
C005861,A_enterprise,two-year,14,5530.08,0.9685288691647119
C005862,C_individual,two-year,9,382.32,1.3559827601463363
C005863,C_individual,two-year,9,521.76,0.9597042603098455
C005864,C_individual,month-to-month,31,601.17,1.378878621921647
C005865,B_smb,one-year,39,1108.21,0.8764598906538426
C005866,C_individual,month-to-month,20,718.79,0.9029646160458819
C005867,C_individual,one-year,4,471.07,0.8945571817388962
C005868,A_enterprise,month-to-month,29,3276.01,0.8081218727698662
C005869,B_smb,month-to-month,43,1369.86,0.7463037403038564
C005870,C_individual,month-to-month,25,583.86,0.9668136583073884
C005871,B_smb,one-year,1,1369.71,1.0217297357050321
C005872,A_enterprise,one-year,3,3401.33,0.8924830553039448
C005873,B_smb,month-to-month,25,1581.21,0.9285671265123479
C005874,B_smb,one-year,41,1722.61,1.2169112885907623
C005875,B_smb,month-to-month,2,1703.44,1.1457615355366095
C005876,C_individual,one-year,36,343.31,0.9611985642611912
C005877,B_smb,month-to-month,37,1736.8,1.0644813144545
C005878,C_individual,month-to-month,2,619.15,0.754536457094897
C005879,B_smb,one-year,10,1934.86,1.0404440349410953
C005880,B_smb,one-year,0,1092.03,0.9906386019694847
C005881,B_smb,two-year,27,790.96,0.9438751414438192
C005882,C_individual,one-year,8,100.0,1.0049214999831153
C005883,C_individual,two-year,43,601.73,0.9806737341383939
C005884,B_smb,month-to-month,4,1435.02,0.8029541015265802
C005885,A_enterprise,month-to-month,31,4442.76,1.2519659676092314
C005886,B_smb,two-year,37,2109.08,1.142622629518048
C005887,B_smb,month-to-month,8,1946.55,0.9418306385643962
C005888,C_individual,one-year,12,509.13,0.7359148610501955
C005889,A_enterprise,month-to-month,38,3601.01,0.631558064794342
C005890,C_individual,month-to-month,4,567.36,1.300705575085724
C005891,C_individual,month-to-month,21,621.61,0.9739508084615824
C005892,C_individual,one-year,12,636.89,1.1144473585860695
C005893,C_individual,one-year,0,462.92,0.8576906555293816
C005894,A_enterprise,month-to-month,21,4192.93,0.953894286621497
C005895,C_individual,month-to-month,23,419.38,0.9615500774063711
C005896,A_enterprise,month-to-month,16,3460.73,1.0362192062100326
C005897,C_individual,month-to-month,38,443.63,1.0134802697470948
C005898,C_individual,month-to-month,4,328.53,0.8616601138879061
C005899,A_enterprise,two-year,20,4208.97,0.8600969685763092
C005900,C_individual,month-to-month,8,261.87,0.9877679954432023
C005901,A_enterprise,month-to-month,36,4275.76,0.7368531203033263
C005902,A_enterprise,month-to-month,26,3950.51,0.8765386095133385
C005903,C_individual,month-to-month,33,463.83,0.9768792718306659
C005904,B_smb,month-to-month,5,1423.26,1.05962493398909
C005905,C_individual,one-year,21,536.23,1.2255152824134286
C005906,C_individual,one-year,2,716.72,0.9285302952840842
C005907,C_individual,two-year,15,387.87,1.0054171740525322
C005908,B_smb,month-to-month,45,1381.64,0.7198954451130923
C005909,A_enterprise,one-year,34,3671.93,1.0502220470504582
C005910,C_individual,two-year,3,470.18,0.8635963703303141
C005911,A_enterprise,two-year,17,3588.68,0.9537647717534332
C005912,C_individual,two-year,41,307.98,1.0713822326579459
C005913,B_smb,month-to-month,8,741.23,1.0776525276541968
C005914,B_smb,two-year,36,1707.39,0.781937845415234
C005915,C_individual,two-year,15,409.9,1.1202925195020366
C005916,C_individual,one-year,22,372.3,0.9941688571365741
C005917,C_individual,one-year,42,414.24,1.1900768094168281
C005918,C_individual,two-year,32,585.88,1.2192445754028998
C005919,B_smb,month-to-month,13,1516.27,1.2409196219480876
C005920,B_smb,one-year,0,1280.41,0.7863370742399497
C005921,A_enterprise,one-year,11,2969.17,1.060342777297629
C005922,C_individual,one-year,20,396.39,0.7633899764478395
C005923,B_smb,one-year,6,1360.46,1.1952175781823962
C005924,C_individual,month-to-month,42,417.1,1.2165656427019689
C005925,B_smb,month-to-month,2,1385.34,1.1467076692388887
C005926,C_individual,month-to-month,25,405.57,0.9363101228847598
C005927,C_individual,one-year,46,236.8,1.0816370459779332
C005928,C_individual,one-year,16,495.74,0.9171631996574157
C005929,A_enterprise,two-year,25,2865.52,1.0020654862077463
C005930,C_individual,one-year,3,556.56,0.9861687173724877
C005931,B_smb,one-year,35,1435.96,0.7002485878340804
C005932,B_smb,month-to-month,46,2161.23,0.8785741470454705
C005933,B_smb,one-year,37,1620.14,1.3406289174586652
C005934,B_smb,two-year,7,1339.29,0.9869962535434208
C005935,C_individual,one-year,16,374.71,1.0240341171914653
C005936,B_smb,two-year,34,1462.98,0.9986994011338383
C005937,B_smb,two-year,38,1413.31,0.938421401356879
C005938,C_individual,month-to-month,19,221.68,1.0054160800111036
C005939,C_individual,one-year,46,672.3,0.9389485546033647
C005940,C_individual,one-year,9,522.19,0.6575575429154387
C005941,C_individual,month-to-month,35,224.9,1.1179341302856258
C005942,A_enterprise,month-to-month,23,5335.3,1.2419304452825384
C005943,C_individual,month-to-month,34,516.15,0.8253732918537371
C005944,A_enterprise,month-to-month,28,4186.98,0.9380726431040746
C005945,B_smb,one-year,20,1442.42,1.2249931368949665
C005946,A_enterprise,month-to-month,39,4384.97,0.8842895346025424
C005947,C_individual,month-to-month,40,707.78,1.0581575637114244
C005948,B_smb,one-year,39,1088.3,1.6490381110915195
C005949,C_individual,month-to-month,4,431.94,1.0948404765915112
C005950,B_smb,two-year,20,1756.92,1.0103237985317435
C005951,B_smb,month-to-month,35,1407.78,1.1322565659698456
C005952,B_smb,month-to-month,41,1239.0,1.1165120307355734
C005953,A_enterprise,two-year,17,3255.9,0.9006605632818504
C005954,B_smb,two-year,35,1638.63,0.7395335317204749
C005955,C_individual,one-year,27,555.83,1.0890870244960016
C005956,C_individual,one-year,10,451.92,1.1115786106440533
C005957,A_enterprise,month-to-month,42,3641.93,0.9553735501272155
C005958,C_individual,one-year,21,559.18,1.2467793924843944
C005959,B_smb,month-to-month,29,944.58,1.2167103907159187
C005960,A_enterprise,month-to-month,13,5046.39,1.1161776796112994
C005961,B_smb,month-to-month,1,1500.96,0.958206783194665
C005962,B_smb,one-year,21,1203.29,0.6863610709893744
C005963,B_smb,month-to-month,34,1553.08,0.9738467918183928
C005964,C_individual,month-to-month,15,261.36,0.7245712919950156
C005965,B_smb,month-to-month,44,1714.26,0.646436181976283
C005966,C_individual,one-year,36,403.95,1.0970737863070417
C005967,B_smb,month-to-month,30,1469.82,1.1758460881353736
C005968,C_individual,one-year,38,385.01,0.7074105457557393
C005969,C_individual,month-to-month,41,289.15,0.9615181648289954
C005970,B_smb,one-year,34,1738.16,0.9973760666450282
C005971,A_enterprise,month-to-month,39,3633.42,0.956139304260327
C005972,C_individual,two-year,34,365.37,0.793223059698952
C005973,C_individual,month-to-month,41,574.51,1.1996555434584466
C005974,C_individual,month-to-month,4,405.79,0.7973665346596465
C005975,B_smb,month-to-month,16,1353.62,0.7076203116011864
C005976,C_individual,month-to-month,42,614.84,0.7938328519188899
C005977,B_smb,month-to-month,22,1353.41,1.0722013400684245
C005978,B_smb,month-to-month,0,1221.39,0.9599194294857322
C005979,C_individual,two-year,40,556.42,0.8844629760695298
C005980,C_individual,one-year,31,336.47,1.0791473844159314
C005981,C_individual,month-to-month,43,387.37,1.0498942060790921
C005982,C_individual,month-to-month,0,574.11,0.6539017661909987
C005983,B_smb,month-to-month,7,1274.23,1.077635120187063
C005984,C_individual,month-to-month,24,457.59,1.1771849483192953
C005985,B_smb,month-to-month,8,1115.02,0.9815227342860928
C005986,A_enterprise,month-to-month,24,2403.0,0.9647627790137722
C005987,B_smb,month-to-month,16,1308.16,1.2840812183790964
C005988,C_individual,two-year,10,489.48,0.8935271703907428
C005989,B_smb,one-year,36,1440.1,0.9751509072343558
C005990,A_enterprise,two-year,1,4929.24,1.0496469937510533
C005991,C_individual,month-to-month,41,336.55,1.0072660484588492
C005992,C_individual,two-year,7,405.04,0.9591573540371654
C005993,C_individual,month-to-month,27,374.72,1.0133836256655422
C005994,C_individual,month-to-month,47,529.47,1.2353419141260853
C005995,B_smb,two-year,5,1659.28,1.1211486468307652
C005996,C_individual,month-to-month,44,555.62,0.9887923292528679
C005997,C_individual,month-to-month,14,350.91,0.8704089792329389
C005998,C_individual,two-year,35,424.99,0.8903493630776756
C005999,C_individual,one-year,41,525.0,1.1425325625772285
